name,orcid,link,date,downloaded
Aleksandra Izabela Arciszewska-Leszczuk,https://orcid.org/0000-0002-1762-3963,https://doi.org/10.12740/pp/onlinefirst/138995,2021-09-03,0
Aleksandra Izabela Arciszewska-Leszczuk,https://orcid.org/0000-0002-1762-3963,https://doi.org/10.1080/17522439.2021.1945664,2021-07-05,1
Aleksandra Izabela Arciszewska-Leszczuk,https://orcid.org/0000-0002-1762-3963,https://doi.org/10.12740/pp/onlinefirst/115554,2020-06-30,0
Aleksandra Izabela Arciszewska-Leszczuk,https://orcid.org/0000-0002-1762-3963,https://doi.org/10.1093/schbul/sbaa030.377,2020-05-18,1
Aleksandra Izabela Arciszewska-Leszczuk,https://orcid.org/0000-0002-1762-3963,https://doi.org/10.1111/eip.12829,2019-05,1
Aleksandra Izabela Arciszewska-Leszczuk,https://orcid.org/0000-0002-1762-3963,https://doi.org/10.1016/j.jad.2019.05.008,2019-05,1
Aleksandra Izabela Arciszewska-Leszczuk,https://orcid.org/0000-0002-1762-3963,https://doi.org/10.12740/pp/91915,2019-02,0
Aleksandra Izabela Arciszewska-Leszczuk,https://orcid.org/0000-0002-1762-3963,https://doi.org/10.1016/j.psychres.2019.01.044,2019-01,1
Aleksandra Izabela Arciszewska-Leszczuk,https://orcid.org/0000-0002-1762-3963,https://doi.org/10.12740/pp/onlinefirst/79835,2018-10,0
Aleksandra Izabela Arciszewska-Leszczuk,https://orcid.org/0000-0002-1762-3963,https://doi.org/10.1080/07420528.2018.1463236,2018-05,1
Aleksandra Izabela Arciszewska-Leszczuk,https://orcid.org/0000-0002-1762-3963,https://doi.org/10.1016/j.jad.2018.02.017,2018-02,1
Aleksandra Izabela Arciszewska-Leszczuk,https://orcid.org/0000-0002-1762-3963,https://doi.org/10.24869/psyd.2017.322,2017-09,0
Marlena Banasik,https://orcid.org/0000-0002-5329-4984,https://doi.org/10.5604/01.3001.0014.1249,2019,0
Marlena Banasik,https://orcid.org/0000-0002-5329-4984,https://doi.org/10.12740/pp/73973,2017,0
Róża Alicja Banaśkiewicz-Bazińska,https://orcid.org/0000-0001-8354-5521,https://doi.org/10.3389/fpsyg.2020.506085,2021,0
Róża Alicja Banaśkiewicz-Bazińska,https://orcid.org/0000-0001-8354-5521,https://doi.org/10.1016/j.paid.2020.110060,2020,1
Anna Aleksandra Banik,https://orcid.org/0000-0002-8674-9981,https://doi.org/10.1080/08870446.2020.1784419,2021,1
Anna Aleksandra Banik,https://orcid.org/0000-0002-8674-9981,https://doi.org/10.1111/aphw.12225,2021,1
Anna Aleksandra Banik,https://orcid.org/0000-0002-8674-9981,https://doi.org/10.1093/abm/kaab004,2021-11-18,1
Anna Aleksandra Banik,https://orcid.org/0000-0002-8674-9981,https://doi.org/10.1016/j.socscimed.2021.114336,2021-10,0
Anna Aleksandra Banik,https://orcid.org/0000-0002-8674-9981,https://doi.org/10.1016/j.bbi.2020.04.013,2020,1
Anna Aleksandra Banik,https://orcid.org/0000-0002-8674-9981,https://doi.org/10.3389/fpsyg.2020.00161,2020,1
Anna Aleksandra Banik,https://orcid.org/0000-0002-8674-9981,https://doi.org/10.3390/nu12072149,2020-07,1
Anna Aleksandra Banik,https://orcid.org/0000-0002-8674-9981,https://doi.org/10.1186/s12889-019-6715-3,2019-12,1
Anna Aleksandra Banik,https://orcid.org/0000-0002-8674-9981,https://doi.org/10.1037/rep0000281,2019-05-30,0
Anna Aleksandra Banik,https://orcid.org/0000-0002-8674-9981,https://doi.org/10.1037/rep0000199,2018,0
Anna Aleksandra Banik,https://orcid.org/0000-0002-8674-9981,https://doi.org/10.1007/s12160-016-9821-9,2017,1
Anna Aleksandra Banik,https://orcid.org/0000-0002-8674-9981,https://doi.org/10.1080/17437199.2017.1327325,2017,1
Anna Aleksandra Banik,https://orcid.org/0000-0002-8674-9981,https://doi.org/10.1186/s12955-017-0645-5,2017,1
Anna Aleksandra Banik,https://orcid.org/0000-0002-8674-9981,https://doi.org/10.5114/cipp.2015.52085,unrecovered,1
Wiesław Jerzy Baryła,http://orcid.org/0000-0001-9929-1992,https://doi.org/10.1111/desc.13038,2021-03,1
Wiesław Jerzy Baryła,http://orcid.org/0000-0001-9929-1992,https://doi.org/10.1111/spc3.12572,2020-12-24,1
Wiesław Jerzy Baryła,http://orcid.org/0000-0001-9929-1992,https://doi.org/10.1016/j.paid.2019.02.025,2019-07,1
Wiesław Jerzy Baryła,http://orcid.org/0000-0001-9929-1992,https://doi.org/10.1016/j.jesp.2018.06.007,2018-11,1
Dorota Balbina Bednarek,https://orcid.org/0000-0003-4777-2588,https://doi.org/10.36145/doc2020.19,2020,0
Sylwia Bedyńska,https://orcid.org/0000-0001-8255-1946,https://doi.org/10.3389/fpsyg.2021.553964,2021,0
Sylwia Bedyńska,https://orcid.org/0000-0001-8255-1946,https://doi.org/10.31648/pp.7838,2021-12-21,0
Sylwia Bedyńska,https://orcid.org/0000-0001-8255-1946,https://doi.org/10.3389/fpsyg.2020.01241,2020,1
Sylwia Bedyńska,https://orcid.org/0000-0001-8255-1946,https://doi.org/10.1002/pits.22413,2020-09-05,1
Sylwia Bedyńska,https://orcid.org/0000-0001-8255-1946,https://doi.org/10.1007/s11218-020-09557-z,2020-04-25,1
Sylwia Bedyńska,https://orcid.org/0000-0001-8255-1946,https://doi.org/10.1007/s11218-019-09478-6,2019-04-19,1
Sylwia Bedyńska,https://orcid.org/0000-0001-8255-1946,https://doi.org/10.1097/jom.0000000000001226,2018,1
Sylwia Bedyńska,https://orcid.org/0000-0001-8255-1946,https://doi.org/10.3389/fpsyg.2018.00428,2018,1
Sylwia Bedyńska,https://orcid.org/0000-0001-8255-1946,https://doi.org/10.2478/v1067-010-0159-2,2017,0
Sylwia Bedyńska,https://orcid.org/0000-0001-8255-1946,https://doi.org/10.1177/1359105317727842,2017,1
Wojciech Zygmunt Białaszek,https://orcid.org/0000-0002-4672-4376,https://doi.org/10.1186/s12905-021-01174-y,2021-12,1
Wojciech Zygmunt Białaszek,https://orcid.org/0000-0002-4672-4376,https://doi.org/10.1186/s12992-021-00782-5,2021-12,0
Wojciech Zygmunt Białaszek,https://orcid.org/0000-0002-4672-4376,https://doi.org/10.3389/fpsyg.2021.656960,2021-06-29,0
Wojciech Zygmunt Białaszek,https://orcid.org/0000-0002-4672-4376,https://doi.org/10.3389/fpsyg.2021.647975,2021-05-17,0
Wojciech Zygmunt Białaszek,https://orcid.org/0000-0002-4672-4376,https://doi.org/10.1007/s12144-018-0092-4,2021-04-13,1
Wojciech Zygmunt Białaszek,https://orcid.org/0000-0002-4672-4376,https://doi.org/10.1371/journal.pone.0233337,2020-05-22,0
Wojciech Zygmunt Białaszek,https://orcid.org/0000-0002-4672-4376,https://doi.org/10.1038/s41598-019-45376-9,2019-12,1
Wojciech Zygmunt Białaszek,https://orcid.org/0000-0002-4672-4376,https://doi.org/10.1007/s40732-019-00340-x,2019-09-22,1
Wojciech Zygmunt Białaszek,https://orcid.org/0000-0002-4672-4376,https://doi.org/10.1080/13548506.2018.1459750,2018-04-03,1
Wojciech Zygmunt Białaszek,https://orcid.org/0000-0002-4672-4376,https://doi.org/10.1007/s40732-017-0244-1,2017,1
Wojciech Zygmunt Białaszek,https://orcid.org/0000-0002-4672-4376,https://doi.org/10.1515/ppb-2017-0060,2017,0
Wojciech Zygmunt Białaszek,https://orcid.org/0000-0002-4672-4376,https://doi.org/10.1515/ppb-2017-0051,2017,1
Wojciech Zygmunt Białaszek,https://orcid.org/0000-0002-4672-4376,https://doi.org/10.1515/ppb-2017-0052,2017,0
Wojciech Zygmunt Białaszek,https://orcid.org/0000-0002-4672-4376,https://doi.org/10.1371/journal.pone.0182353,2017,1
Olga Aleksandra Białobrzeska,https://orcid.org/0000-0002-0387-3187,https://doi.org/10.32872/spb.4683,2020-12-23,0
Olga Aleksandra Białobrzeska,https://orcid.org/0000-0002-0387-3187,https://doi.org/10.1371/journal.pone.0213183,2019-02-28,1
Olga Aleksandra Białobrzeska,https://orcid.org/0000-0002-0387-3187,https://doi.org/10.1016/j.lindif.2018.04.011,2019-01,1
Olga Aleksandra Białobrzeska,https://orcid.org/0000-0002-0387-3187,https://doi.org/10.1177/2515245918810225,2018-12-24,1
Olga Aleksandra Białobrzeska,https://orcid.org/0000-0002-0387-3187,https://doi.org/10.1016/j.paid.2018.01.018,2018-05,1
Olga Aleksandra Białobrzeska,https://orcid.org/0000-0002-0387-3187,https://doi.org/10.1177/1745691618755704,2018-02,1
Olga Aleksandra Białobrzeska,https://orcid.org/0000-0002-0387-3187,https://doi.org/10.1515/ppb-2017-0048,2017-09,0
Maksymilian Adam Bielecki,https://orcid.org/0000-0002-2881-4976,https://doi.org/10.3390/brainsci11020178,2021-02,1
Maksymilian Adam Bielecki,https://orcid.org/0000-0002-2881-4976,https://doi.org/10.1080/09540121.2019.1699641,2020,1
Maksymilian Adam Bielecki,https://orcid.org/0000-0002-2881-4976,https://doi.org/10.26444/aaem/131119,2020,0
Maksymilian Adam Bielecki,https://orcid.org/0000-0002-2881-4976,https://doi.org/10.1038/s41598-020-63296-x,2020,1
Maksymilian Adam Bielecki,https://orcid.org/0000-0002-2881-4976,https://doi.org/10.12740/pp/onlinefirst/121980,2020-11,0
Maksymilian Adam Bielecki,https://orcid.org/0000-0002-2881-4976,https://doi.org/10.5114/aic.2019.81438,2019,1
Maksymilian Adam Bielecki,https://orcid.org/0000-0002-2881-4976,https://doi.org/10.5114/wiitm.2019.84678,2019,1
Maksymilian Adam Bielecki,https://orcid.org/0000-0002-2881-4976,https://doi.org/10.5114/ceh.2019.89148,2019,1
Maksymilian Adam Bielecki,https://orcid.org/0000-0002-2881-4976,https://doi.org/10.3389/fpsyg.2019.01757,2019,1
Maksymilian Adam Bielecki,https://orcid.org/0000-0002-2881-4976,https://doi.org/10.5603/cj.a2017.0059,2018,0
Maksymilian Adam Bielecki,https://orcid.org/0000-0002-2881-4976,https://doi.org/10.1111/anec.12564,2018,1
Maksymilian Adam Bielecki,https://orcid.org/0000-0002-2881-4976,https://doi.org/10.1002/hbm.24208,2018,0
Maksymilian Adam Bielecki,https://orcid.org/0000-0002-2881-4976,https://doi.org/10.3389/fpsyg.2017.01614,2017,1
Maksymilian Adam Bielecki,https://orcid.org/0000-0002-2881-4976,https://doi.org/10.3389/fnhum.2017.00285,2017,1
Maksymilian Adam Bielecki,https://orcid.org/0000-0002-2881-4976,https://doi.org/10.3389/fpsyg.2017.01365,2017,1
Maksymilian Adam Bielecki,https://orcid.org/0000-0002-2881-4976,https://doi.org/10.18388/abp.2016_1436,2017,0
Maksymilian Adam Bielecki,https://orcid.org/0000-0002-2881-4976,https://doi.org/10.5603/fc.2019.0008,unrecovered,0
Monika Joanna Boberska,https://orcid.org/0000-0002-3685-3721,https://doi.org/10.1007/s10865-020-00138-1,2020-01-31,0
Monika Joanna Boberska,https://orcid.org/0000-0002-3685-3721,https://doi.org/10.1037/hea0000799,2019-12,0
Monika Joanna Boberska,https://orcid.org/0000-0002-3685-3721,https://doi.org/10.1111/bjhp.12385,2019-11,1
Monika Joanna Boberska,https://orcid.org/0000-0002-3685-3721,https://doi.org/10.1007/s12529-019-09780-9,2019-06,1
Monika Joanna Boberska,https://orcid.org/0000-0002-3685-3721,https://doi.org/10.1111/bjhp.12354,2019-05,1
Monika Joanna Boberska,https://orcid.org/0000-0002-3685-3721,https://doi.org/10.1016/j.mhpa.2019.03.002,2019-03,1
Monika Joanna Boberska,https://orcid.org/0000-0002-3685-3721,https://doi.org/10.1080/17437199.2017.1396191,2018,1
Monika Joanna Boberska,https://orcid.org/0000-0002-3685-3721,https://doi.org/10.1016/j.psychsport.2017.09.007,2018,1
Monika Joanna Boberska,https://orcid.org/0000-0002-3685-3721,https://doi.org/10.1080/08870446.2018.1489049,2018-10-03,1
Monika Joanna Boberska,https://orcid.org/0000-0002-3685-3721,https://doi.org/10.1515/hukin-2017-0149,2017,1
Konrad Maksymilian Bocian,https://orcid.org/0000-0002-8652-0167,https://doi.org/10.1177/01461672211013272,2021-05-28,1
Konrad Maksymilian Bocian,https://orcid.org/0000-0002-8652-0167,https://doi.org/10.1016/j.jesp.2020.104098,2020-12-30,1
Konrad Maksymilian Bocian,https://orcid.org/0000-0002-8652-0167,https://doi.org/10.1371/journal.pone.0244429,2020-12-30,0
Konrad Maksymilian Bocian,https://orcid.org/0000-0002-8652-0167,https://doi.org/10.1111/sode.12480,2020-09,1
Konrad Maksymilian Bocian,https://orcid.org/0000-0002-8652-0167,https://doi.org/10.1002/ejsp.2694,2020-06-04,1
Konrad Maksymilian Bocian,https://orcid.org/0000-0002-8652-0167,https://doi.org/10.5964/spb.v13i2.26062,2018-05,0
Edyta Ewa Bonk,https://orcid.org/0000-0001-7663-5262,https://doi.org/10.1080/03601277.2017.1283931,2017,1
Anna Braniecka,https://orcid.org/0000-0003-1862-3284,https://doi.org/10.1002/brb3.1213,2019-02-21,1
Elwira Brygoła,https://orcid.org/0000-0002-6326-7760,https://doi.org/10.4467/20843879pr.19.004.10595,2019,0
Aneta Brzezicka,https://orcid.org/0000-0003-1950-4180,https://doi.org/10.3390/nu13082504,2021-07-22,1
Aneta Brzezicka,https://orcid.org/0000-0003-1950-4180,https://doi.org/10.7554/elife.60595,2021-05-26,0
Aneta Brzezicka,https://orcid.org/0000-0003-1950-4180,https://doi.org/10.1016/j.heliyon.2021.e06724,2021-04,1
Jacek Marcin Buczny,https://orcid.org/0000-0002-4932-196X,https://doi.org/10.1177/1948550619887702,2021,1
Jacek Marcin Buczny,https://orcid.org/0000-0002-4932-196X,https://doi.org/10.3389/fpsyg.2021.651759,2021-05-21,0
Jacek Marcin Buczny,https://orcid.org/0000-0002-4932-196X,https://doi.org/10.3390/su12020748,2020,1
Jacek Marcin Buczny,https://orcid.org/0000-0002-4932-196X,https://doi.org/10.1007/s11199-018-0906-8,2018,1
Jacek Marcin Buczny,https://orcid.org/0000-0002-4932-196X,https://doi.org/10.1080/09589236.2016.1234369,2018,1
Ewa Butowska,https://orcid.org/0000-0002-8156-8225,https://doi.org/10.1016/j.jml.2020.104189,2021,1
Katarzyna Byrka,https://orcid.org/0000-0003-4220-4063,https://doi.org/10.1007/s00404-020-05748-3,2021,1
Katarzyna Byrka,https://orcid.org/0000-0003-4220-4063,https://doi.org/10.1038/s41598-021-02036-1,2021-12,0
Katarzyna Byrka,https://orcid.org/0000-0003-4220-4063,https://doi.org/10.1037/mot0000245,2021-10-25,0
Katarzyna Byrka,https://orcid.org/0000-0003-4220-4063,https://doi.org/10.1016/j.rasd.2021.101826,2021-09,1
Katarzyna Byrka,https://orcid.org/0000-0003-4220-4063,https://doi.org/10.1016/j.appet.2021.105217,2021-08,1
Katarzyna Byrka,https://orcid.org/0000-0003-4220-4063,https://doi.org/10.1016/j.rasd.2021.101806,2021-08,1
Katarzyna Byrka,https://orcid.org/0000-0003-4220-4063,https://doi.org/10.3390/su13105716,2021-05-19,1
Katarzyna Byrka,https://orcid.org/0000-0003-4220-4063,https://doi.org/10.3390/en13184737,2020,1
Katarzyna Byrka,https://orcid.org/0000-0003-4220-4063,https://doi.org/10.3390/ijerph17239086,2020,1
Katarzyna Byrka,https://orcid.org/0000-0003-4220-4063,https://doi.org/10.3390/en12050907,2019,1
Katarzyna Byrka,https://orcid.org/0000-0003-4220-4063,https://doi.org/10.3389/fpsyg.2019.02701,2019,0
Katarzyna Byrka,https://orcid.org/0000-0003-4220-4063,https://doi.org/10.1002/ijop.12469,2019,1
Katarzyna Byrka,https://orcid.org/0000-0003-4220-4063,https://doi.org/10.1371/journal.pone.0209620,2018,1
Katarzyna Byrka,https://orcid.org/0000-0003-4220-4063,https://doi.org/10.1016/j.jenvp.2018.06.002,2018,1
Katarzyna Byrka,https://orcid.org/0000-0003-4220-4063,https://doi.org/10.1016/j.appet.2018.04.012,2018,1
Katarzyna Byrka,https://orcid.org/0000-0003-4220-4063,https://doi.org/10.3389/fpsyg.2017.01705,2017,1
Katarzyna Byrka,https://orcid.org/0000-0003-4220-4063,https://doi.org/10.1177/0013916516653638,2017,1
Katarzyna Cantarero,https://orcid.org/0000-0003-2720-484X,https://doi.org/10.1016/j.paid.2018.05.013,2018,1
Katarzyna Cantarero,https://orcid.org/0000-0003-2720-484X,https://doi.org/10.1093/chemse/bjy038,2018,1
Katarzyna Cantarero,https://orcid.org/0000-0003-2720-484X,https://doi.org/10.1007/s12144-018-9945-0,2018,1
Katarzyna Cantarero,https://orcid.org/0000-0003-2720-484X,https://doi.org/10.1080/00224545.2017.1327404,2018,1
Katarzyna Cantarero,https://orcid.org/0000-0003-2720-484X,https://doi.org/10.1016/j.paid.2016.07.005,2017,1
Katarzyna Cantarero,https://orcid.org/0000-0003-2720-484X,https://doi.org/10.3389/fpsyg.2017.01728,2017,1
Katarzyna Cantarero,https://orcid.org/0000-0003-2720-484X,https://doi.org/10.1007/s12144-017-9651-3,2017,1
Katarzyna Cantarero,https://orcid.org/0000-0003-2720-484X,https://doi.org/10.3389/fpsyg.2017.01199,2017,1
Katarzyna Cantarero,https://orcid.org/0000-0003-2720-484X,https://doi.org/10.1177/0022022117698039,2017,1
Katarzyna Cantarero,https://orcid.org/0000-0003-2720-484X,https://doi.org/10.1515/ppb-2017-0036,2017,0
Katarzyna Cantarero,https://orcid.org/0000-0003-2720-484X,https://doi.org/10.3389/fpsyg.2017.00814,2017,1
Agata Chudzicka-Czupała,https://orcid.org/0000-0002-6517-5018,https://doi.org/10.1038/s41598-021-85943-7,2021,1
Agata Chudzicka-Czupała,https://orcid.org/0000-0002-6517-5018,https://doi.org/10.1080/07481187.2019.1616855,2021,1
Agata Chudzicka-Czupała,https://orcid.org/0000-0002-6517-5018,https://doi.org/10.1371/journal.pone.0253145,2021-07-01,0
Agata Chudzicka-Czupała,https://orcid.org/0000-0002-6517-5018,https://doi.org/10.1186/s12955-020-01348-6,2020,1
Agata Chudzicka-Czupała,https://orcid.org/0000-0002-6517-5018,https://doi.org/10.1371/journal.pone.0243056,2020,0
Agata Chudzicka-Czupała,https://orcid.org/0000-0002-6517-5018,https://doi.org/10.3389/fpsyt.2020.569981,2020-09-09,1
Agata Chudzicka-Czupała,https://orcid.org/0000-0002-6517-5018,https://doi.org/10.13075/ijomeh.1896.01406,2019,0
Agata Chudzicka-Czupała,https://orcid.org/0000-0002-6517-5018,https://doi.org/10.13075/mp.5893.00800,2019,0
Agata Chudzicka-Czupała,https://orcid.org/0000-0002-6517-5018,https://doi.org/10.1111/ijsa.12241,2019-06,1
Agata Chudzicka-Czupała,https://orcid.org/0000-0002-6517-5018,https://doi.org/10.13075/mp.5893.00664,2018,0
Agata Chudzicka-Czupała,https://orcid.org/0000-0002-6517-5018,https://doi.org/10.14691/cppj.24.3.539,2018,0
Agata Chudzicka-Czupała,https://orcid.org/0000-0002-6517-5018,https://doi.org/10.14691/cppj.24.1.201,2018,0
Agata Chudzicka-Czupała,https://orcid.org/0000-0002-6517-5018,https://doi.org/10.14691/cppj.24.3.573,2018,0
Agata Chudzicka-Czupała,https://orcid.org/0000-0002-6517-5018,https://doi.org/10.2478/ejes-2018-0053,2018-08-01,0
Agata Chudzicka-Czupała,https://orcid.org/0000-0002-6517-5018,https://doi.org/10.26417/ejes.v4i2.p35-40,2018-07,0
Agata Chudzicka-Czupała,https://orcid.org/0000-0002-6517-5018,https://doi.org/10.1515/pjap-2015-0073,2017,1
Agata Chudzicka-Czupała,https://orcid.org/0000-0002-6517-5018,https://doi.org/10.14656/pfp20170304,2017,0
Agata Chudzicka-Czupała,https://orcid.org/0000-0002-6517-5018,https://doi.org/10.13075/mp.5893.00640,2017-11-24,0
Roman Sławomir Cieślak,https://orcid.org/0000-0002-2413-5343,https://doi.org/10.2196/32007,2021-12-06,0
Roman Sławomir Cieślak,https://orcid.org/0000-0002-2413-5343,https://doi.org/10.2196/21445,2021-01-11,0
Roman Sławomir Cieślak,https://orcid.org/0000-0002-2413-5343,https://doi.org/10.1371/journal.pone.0237250,2020,1
Roman Sławomir Cieślak,https://orcid.org/0000-0002-2413-5343,https://doi.org/10.13075/mp.5893.00822,2019,0
Roman Sławomir Cieślak,https://orcid.org/0000-0002-2413-5343,https://doi.org/10.1186/s13063-019-3401-9,2019-12,1
Roman Sławomir Cieślak,https://orcid.org/0000-0002-2413-5343,https://doi.org/10.3389/fpsyg.2019.02786,2019-12-20,1
Roman Sławomir Cieślak,https://orcid.org/0000-0002-2413-5343,https://doi.org/10.1016/j.invent.2017.01.001,2017,1
Roman Sławomir Cieślak,https://orcid.org/0000-0002-2413-5343,https://doi.org/10.1080/10615806.2017.1329932,2017,0
Roman Sławomir Cieślak,https://orcid.org/0000-0002-2413-5343,https://doi.org/10.13075/ijomeh.1896.01134,2017-10-09,0
Aleksandra Katarzyna Cisłak-Wójcik,https://orcid.org/0000-0002-9880-6947,https://doi.org/10.1016/j.jenvp.2021.101576,2021,1
Aleksandra Katarzyna Cisłak-Wójcik,https://orcid.org/0000-0002-9880-6947,https://doi.org/10.1177/01461672211054947,2021-12-07,0
Aleksandra Katarzyna Cisłak-Wójcik,https://orcid.org/0000-0002-9880-6947,https://doi.org/10.1111/bjso.12499,2021-09-17,0
Aleksandra Katarzyna Cisłak-Wójcik,https://orcid.org/0000-0002-9880-6947,https://doi.org/10.1177/1368430220959451,2021-08,0
Aleksandra Katarzyna Cisłak-Wójcik,https://orcid.org/0000-0002-9880-6947,https://doi.org/10.1016/j.cobeha.2019.12.013,2020,1
Aleksandra Katarzyna Cisłak-Wójcik,https://orcid.org/0000-0002-9880-6947,https://doi.org/10.1016/j.jrp.2019.103882,2019,1
Aleksandra Katarzyna Cisłak-Wójcik,https://orcid.org/0000-0002-9880-6947,https://doi.org/10.1016/j.jenvp.2018.08.009,2018-10,1
Aleksandra Katarzyna Cisłak-Wójcik,https://orcid.org/0000-0002-9880-6947,https://doi.org/10.1177/0146167218757456,2018-06-27,1
Aleksandra Katarzyna Cisłak-Wójcik,https://orcid.org/0000-0002-9880-6947,https://doi.org/10.1007/s11192-018-2667-0,2018-04,1
Maria Cyniak-Cieciura,https://orcid.org/0000-0002-6293-8729,https://doi.org/10.1177/1524838019876702,2021-10-24,1
Maria Cyniak-Cieciura,https://orcid.org/0000-0002-6293-8729,https://doi.org/10.1016/j.paid.2018.01.036,2018,1
Maria Cyniak-Cieciura,https://orcid.org/0000-0002-6293-8729,https://doi.org/10.1016/j.eurpsy.2017.02.491,2017,1
Marzena Aneta Cypryańska-Nezlek,https://orcid.org/0000-0001-9234-5628,https://doi.org/10.1016/j.foodqual.2020.104111,2021,1
Marzena Aneta Cypryańska-Nezlek,https://orcid.org/0000-0001-9234-5628,https://doi.org/10.1080/00224545.2020.1867042,2021-09-03,1
Marzena Aneta Cypryańska-Nezlek,https://orcid.org/0000-0001-9234-5628,https://doi.org/10.1037/pspp0000260,2020,0
Marzena Aneta Cypryańska-Nezlek,https://orcid.org/0000-0001-9234-5628,https://doi.org/10.1371/journal.pone.0241464,2020-10-30,0
Marzena Aneta Cypryańska-Nezlek,https://orcid.org/0000-0001-9234-5628,https://doi.org/10.1371/journal.pone.0222492,2019,1
Marzena Aneta Cypryańska-Nezlek,https://orcid.org/0000-0001-9234-5628,https://doi.org/10.1080/17439760.2018.1557244,2019,1
Marzena Aneta Cypryańska-Nezlek,https://orcid.org/0000-0001-9234-5628,https://doi.org/10.1111/jopy.12423,2019,1
Marzena Aneta Cypryańska-Nezlek,https://orcid.org/0000-0001-9234-5628,https://doi.org/10.24425/119483,2018,0
Marzena Aneta Cypryańska-Nezlek,https://orcid.org/0000-0001-9234-5628,https://doi.org/10.1123/jsep.2017-0244,2018,1
Marzena Aneta Cypryańska-Nezlek,https://orcid.org/0000-0001-9234-5628,https://doi.org/10.5964/spb.v13i1.25501,2018-04-11,0
Marzena Aneta Cypryańska-Nezlek,https://orcid.org/0000-0001-9234-5628,https://doi.org/10.1080/00224545.2017.1282851,2017,1
Marzena Aneta Cypryańska-Nezlek,https://orcid.org/0000-0001-9234-5628,https://doi.org/10.1080/00224545.2017.1282849,2017,1
Agnieszka Czerw,https://orcid.org/0000-0002-0074-3264,https://doi.org/10.24425/ppb.2020.133773,2020,0
Agnieszka Czerw,https://orcid.org/0000-0002-0074-3264,https://doi.org/10.32872/spb.v14i1.30207,2019-05-15,0
Agnieszka Czerw,https://orcid.org/0000-0002-0074-3264,https://doi.org/10.1007/s12144-017-9614-8,2019-04,1
Agnieszka Czerw,https://orcid.org/0000-0002-0074-3264,https://doi.org/10.1515/ppb-2017-0025,2017,0
Agnieszka Czerw,https://orcid.org/0000-0002-0074-3264,https://doi.org/10.13075/mp.5893.00528,2017,0
Agnieszka Czerw,https://orcid.org/0000-0002-0074-3264,https://doi.org/10.1515/ppb-2017-0022,2017,1
Agnieszka Czerw,https://orcid.org/0000-0002-0074-3264,https://doi.org/10.1515/ppb-2017-0017,2017,0
Agata Dębowska,https://orcid.org/0000-0002-3035-3945,https://doi.org/10.1016/j.jad.2021.01.063,2021-01,1
Agata Dębowska,https://orcid.org/0000-0002-3035-3945,https://doi.org/10.1016/j.jcrimjus.2020.101750,2020,1
Agata Dębowska,https://orcid.org/0000-0002-3035-3945,https://doi.org/10.1017/s003329172000392x,2020-10-02,1
Agata Dębowska,https://orcid.org/0000-0002-3035-3945,https://doi.org/10.1080/10911359.2019.1648225,2020-02-17,1
Agata Dębowska,https://orcid.org/0000-0002-3035-3945,https://doi.org/10.1080/01639625.2019.1665221,2019,1
Agata Dębowska,https://orcid.org/0000-0002-3035-3945,https://doi.org/10.1080/10538712.2019.1592272,2019,1
Agata Dębowska,https://orcid.org/0000-0002-3035-3945,https://doi.org/10.1108/jcs-12-2018-0029,2019,1
Agata Dębowska,https://orcid.org/0000-0002-3035-3945,https://doi.org/10.1080/01639625.2018.1456723,2019,1
Agata Dębowska,https://orcid.org/0000-0002-3035-3945,https://doi.org/10.1016/j.chb.2018.12.028,2019-04,1
Agata Dębowska,https://orcid.org/0000-0002-3035-3945,https://doi.org/10.1080/01639625.2016.1266887,2018,1
Agata Dębowska,https://orcid.org/0000-0002-3035-3945,https://doi.org/10.1016/j.chiabu.2018.02.018,2018,1
Agata Dębowska,https://orcid.org/0000-0002-3035-3945,https://doi.org/10.3389/fpsyg.2018.01596,2018,1
Agata Dębowska,https://orcid.org/0000-0002-3035-3945,https://doi.org/10.1177/1079063217691966,2018,1
Agata Dębowska,https://orcid.org/0000-0002-3035-3945,https://doi.org/10.1016/j.chiabu.2016.12.003,2017,1
Agata Dębowska,https://orcid.org/0000-0002-3035-3945,https://doi.org/10.1016/j.jcrimjus.2017.03.002,2017,1
Agata Dębowska,https://orcid.org/0000-0002-3035-3945,https://doi.org/10.1080/14789949.2017.1318161,2017,1
Agata Dębowska,https://orcid.org/0000-0002-3035-3945,https://doi.org/10.1108/jarhe-03-2016-0015,2017,1
Agata Dębowska,https://orcid.org/0000-0002-3035-3945,https://doi.org/10.1177/0886260517741628,2017,1
Agata Dębowska,https://orcid.org/0000-0002-3035-3945,https://doi.org/10.1016/j.jcrimjus.2017.06.001,2017,1
Agata Dębowska,https://orcid.org/0000-0002-3035-3945,https://doi.org/10.1080/14999013.2017.1339744,2017,1
Agata Dębowska,https://orcid.org/0000-0002-3035-3945,https://doi.org/10.1080/01639625.2016.1246034,2017,1
Agata Dębowska,https://orcid.org/0000-0002-3035-3945,https://doi.org/10.1016/j.chiabu.2017.06.014,2017,1
Agata Dębowska,https://orcid.org/0000-0002-3035-3945,https://doi.org/10.1016/j.jcrimjus.2018.03.004,unrecovered,1
Joanna Eulalia Dudek,https://orcid.org/0000-0002-7114-8884,https://doi.org/10.1016/j.mehy.2020.110435,2021-01,1
Karolina Dukała,https://orcid.org/0000-0001-9564-3102,https://doi.org/10.1111/josi.12392,2020,1
Karolina Dukała,https://orcid.org/0000-0001-9564-3102,https://doi.org/10.1080/1068316x.2018.1511789,2019,1
Karolina Dukała,https://orcid.org/0000-0001-9564-3102,https://doi.org/10.7494/human.2019.18.4.31,2019,0
Karolina Dukała,https://orcid.org/0000-0001-9564-3102,https://doi.org/10.1111/jasp.12598,2019-08,1
Anna Ewa Duszyk-Bogorodzka,https://orcid.org/0000-0002-5984-2339,https://doi.org/10.3389/fpsyg.2019.00624,2019-03-21,1
Anna Ewa Duszyk-Bogorodzka,https://orcid.org/0000-0002-5984-2339,https://doi.org/10.1080/13854046.2018.1555282,2019-01-18,1
Anna Ewa Duszyk-Bogorodzka,https://orcid.org/0000-0002-5984-2339,https://doi.org/10.1142/s0129065718500491,2018-10-29,1
Anna Ewa Duszyk-Bogorodzka,https://orcid.org/0000-0002-5984-2339,https://doi.org/10.1088/1741-2552/aa836f,2017-12-01,1
Maciej Andrzej Dymkowski,https://orcid.org/0000-0001-9611-3891,https://doi.org/10.24425/hsm.2019.130583,2019,0
Maciej Andrzej Dymkowski,https://orcid.org/0000-0001-9611-3891,https://doi.org/10.14691/cppj.24.1.37,2018,0
Jolanta Enko,https://orcid.org/0000-0002-1982-2798,https://doi.org/10.1080/17439760.2021.1885054,2021,1
Jolanta Enko,https://orcid.org/0000-0002-1982-2798,https://doi.org/10.1007/s10902-020-00218-8,2021,1
Jolanta Enko,https://orcid.org/0000-0002-1982-2798,https://doi.org/10.1007/s10902-021-00389-y,2021,1
Jolanta Enko,https://orcid.org/0000-0002-1982-2798,https://doi.org/10.1007/s12144-019-00264-3,2021,1
Jolanta Enko,https://orcid.org/0000-0002-1982-2798,https://doi.org/10.1007/s12144-019-00315-9,2021,1
Jolanta Enko,https://orcid.org/0000-0002-1982-2798,https://doi.org/10.1111/psyp.13318,2019,1
Jolanta Enko,https://orcid.org/0000-0002-1982-2798,https://doi.org/10.1016/j.ijpsycho.2019.01.008,2019,1
Andrzej Falkowski,https://orcid.org/0000-0001-5919-1110,https://doi.org/10.1080/15377857.2020.1869786,2021,1
Andrzej Falkowski,https://orcid.org/0000-0001-5919-1110,https://doi.org/10.1007/s12144-021-02168-7,2021-08-07,0
Andrzej Falkowski,https://orcid.org/0000-0001-5919-1110,https://doi.org/10.1080/15377857.2019.1652221,2020,1
Andrzej Falkowski,https://orcid.org/0000-0001-5919-1110,https://doi.org/10.1080/15377857.2019.1678912,2019,1
Andrzej Falkowski,https://orcid.org/0000-0001-5919-1110,https://doi.org/10.33226/1231-7853.2019.6.1,2019,0
Andrzej Falkowski,https://orcid.org/0000-0001-5919-1110,https://doi.org/10.7206/dec.1733-0092.127,2019,0
Andrzej Falkowski,https://orcid.org/0000-0001-5919-1110,https://doi.org/10.5406/amerjpsyc.131.2.0151,2018,0
Andrzej Falkowski,https://orcid.org/0000-0001-5919-1110,https://doi.org/10.1080/15377857.2018.1447754,2018,1
Andrzej Falkowski,https://orcid.org/0000-0001-5919-1110,https://doi.org/10.3389/fpsyg.2018.00213,2018,1
Aleksandra Katarzyna Fila-Jankowska,https://orcid.org/0000-0002-4170-6718,https://doi.org/10.5114/cipp.2018.72260,2018,1
Magdalena Maria Formanowicz,https://orcid.org/0000-0001-5859-7100,https://doi.org/10.1177/0261927x211044789,2021-10-27,0
Magdalena Maria Formanowicz,https://orcid.org/0000-0001-5859-7100,https://doi.org/10.32872/spb.5337,2021-03-30,0
Magdalena Maria Formanowicz,https://orcid.org/0000-0001-5859-7100,https://doi.org/10.1027/1864-9335/a000435,2020,0
Magdalena Maria Formanowicz,https://orcid.org/0000-0001-5859-7100,https://doi.org/10.1177/0261927x19884354,2020,1
Magdalena Maria Formanowicz,https://orcid.org/0000-0001-5859-7100,https://doi.org/10.1017/s0142716420000831,2020,1
Magdalena Maria Formanowicz,https://orcid.org/0000-0001-5859-7100,https://doi.org/10.1080/02699931.2019.1682970,2020,1
Magdalena Maria Formanowicz,https://orcid.org/0000-0001-5859-7100,https://doi.org/10.1177/1948550619893957,2020,0
Magdalena Maria Formanowicz,https://orcid.org/0000-0001-5859-7100,https://doi.org/10.1002/ejsp.2561,2019,1
Magdalena Maria Formanowicz,https://orcid.org/0000-0001-5859-7100,https://doi.org/10.1016/j.jesp.2018.04.003,2018,1
Magdalena Maria Formanowicz,https://orcid.org/0000-0001-5859-7100,https://doi.org/10.1177/0022022116688085,2017,1
Magdalena Maria Formanowicz,https://orcid.org/0000-0001-5859-7100,https://doi.org/10.1027/1864-9335/a000319,2017,0
Magdalena Maria Formanowicz,https://orcid.org/0000-0001-5859-7100,https://doi.org/10.1515/ppb-2017-0010,2017,0
Magdalena Maria Formanowicz,https://orcid.org/0000-0001-5859-7100,https://doi.org/10.1002/ejsp.2231,2017,1
Natalia Frankowska,https://orcid.org/0000-0001-9487-0629,https://doi.org/10.3389/fpsyg.2021.647881,2021-05-17,0
Natalia Frankowska,https://orcid.org/0000-0001-9487-0629,https://doi.org/10.1002/ejsp.2649,2020-06,1
Natalia Frankowska,https://orcid.org/0000-0001-9487-0629,https://doi.org/10.1038/s41597-019-0029-2,2019,1
Natalia Frankowska,https://orcid.org/0000-0001-9487-0629,https://doi.org/10.1525/collabra.165,2018,0
Natalia Frankowska,https://orcid.org/0000-0001-9487-0629,https://doi.org/10.7366/1896180020174007,2017,0
Anna Gabińska,https://orcid.org/0000-0002-4379-9495,https://doi.org/10.1177/20592043211057217,2021-01,0
Anna Gabińska,https://orcid.org/0000-0002-4379-9495,https://doi.org/10.26766/pmgp.v2i4.73,2017,0
Małgorzata Gamian-Wilk,https://orcid.org/0000-0002-6095-5269,https://doi.org/10.34862/fo.2020.1.5,2020,0
Małgorzata Gamian-Wilk,https://orcid.org/0000-0002-6095-5269,https://doi.org/10.5604/01.3001.0014.2645,2020,0
Małgorzata Gamian-Wilk,https://orcid.org/0000-0002-6095-5269,https://doi.org/10.1177/0033294119872208,2020,1
Małgorzata Gamian-Wilk,https://orcid.org/0000-0002-6095-5269,https://doi.org/10.34862/fo.2020.2.3,2020,0
Małgorzata Gamian-Wilk,https://orcid.org/0000-0002-6095-5269,https://doi.org/10.24425/ppb.2019.130696,2019,0
Małgorzata Gamian-Wilk,https://orcid.org/0000-0002-6095-5269,https://doi.org/10.1177/0033294117745885,2018,1
Małgorzata Gamian-Wilk,https://orcid.org/0000-0002-6095-5269,https://doi.org/10.4467/20843879pr.18.009.8943,2018,0
Małgorzata Gamian-Wilk,https://orcid.org/0000-0002-6095-5269,https://doi.org/10.15611/pn.2018.512.13,2018,0
Małgorzata Gamian-Wilk,https://orcid.org/0000-0002-6095-5269,https://doi.org/10.4467/20843879pr.18.013.9354,2018,0
Małgorzata Gamian-Wilk,https://orcid.org/0000-0002-6095-5269,https://doi.org/10.7366/1896180020174002,2017,0
Małgorzata Gamian-Wilk,https://orcid.org/0000-0002-6095-5269,https://doi.org/10.1155/2017/1019529,2017,1
Małgorzata Gamian-Wilk,https://orcid.org/0000-0002-6095-5269,https://doi.org/10.5604/01.3001.0010.5512,2017,0
Małgorzata Gamian-Wilk,https://orcid.org/0000-0002-6095-5269,https://doi.org/10.1016/j.foodqual.2017.06.004,2017,1
Magdalena Agnieszka Gąsiorowska,https://orcid.org/0000-0003-3798-9265,https://doi.org/10.15678/pjoep.2017.11.02,2017,0
Agata Dorota Gąsiorowska,https://orcid.org/0000-0002-3354-1095,https://doi.org/10.3389/fpsyg.2021.635973,2021-08-19,0
Agata Dorota Gąsiorowska,https://orcid.org/0000-0002-3354-1095,https://doi.org/10.1007/s12144-021-01637-3,2021-04-10,1
Agata Dorota Gąsiorowska,https://orcid.org/0000-0002-3354-1095,https://doi.org/10.1037/xap0000308,2021-03-29,0
Agata Dorota Gąsiorowska,https://orcid.org/0000-0002-3354-1095,https://doi.org/10.1037/pspi0000246,2021-02-20,0
Agata Dorota Gąsiorowska,https://orcid.org/0000-0002-3354-1095,https://doi.org/10.1002/ejsp.2701,2020-06,1
Agata Dorota Gąsiorowska,https://orcid.org/0000-0002-3354-1095,https://doi.org/10.24425/ppb.2019.126026,2019,0
Agata Dorota Gąsiorowska,https://orcid.org/0000-0002-3354-1095,https://doi.org/10.1037/pas0000745,2019-07-01,0
Agata Dorota Gąsiorowska,https://orcid.org/0000-0002-3354-1095,https://doi.org/10.1111/apps.12145,2018,1
Agata Dorota Gąsiorowska,https://orcid.org/0000-0002-3354-1095,https://doi.org/10.1016/j.jesp.2018.09.004,2018-11,1
Agata Dorota Gąsiorowska,https://orcid.org/0000-0002-3354-1095,https://doi.org/10.15678/pjoep.2017.11.03,2017,0
Agata Dorota Gąsiorowska,https://orcid.org/0000-0002-3354-1095,https://doi.org/10.15678/pjoep.2017.11.04,2017,0
Józef Gierowski,https://orcid.org/0000-0002-7497-1876,https://doi.org/10.12740/pp/116908,2021,0
Józef Gierowski,https://orcid.org/0000-0002-7497-1876,https://doi.org/10.12740/pp/104715,2019,0
Józef Gierowski,https://orcid.org/0000-0002-7497-1876,https://doi.org/10.12740/app/100435,2019,0
Józef Gierowski,https://orcid.org/0000-0002-7497-1876,https://doi.org/10.14656/pfp20190105,2019,0
Józef Gierowski,https://orcid.org/0000-0002-7497-1876,https://doi.org/10.5114/jos.2018.83405,2018,1
Józef Gierowski,https://orcid.org/0000-0002-7497-1876,https://doi.org/10.5114/jos.2018.80641,2018,1
Józef Gierowski,https://orcid.org/0000-0002-7497-1876,https://doi.org/10.5114/hpr.2018.75860,2018,1
Józef Gierowski,https://orcid.org/0000-0002-7497-1876,https://doi.org/10.12740/app/80161,2017,0
Józef Gierowski,https://orcid.org/0000-0002-7497-1876,https://doi.org/10.12740/app/78497,2017,0
Józef Gierowski,https://orcid.org/0000-0002-7497-1876,https://doi.org/10.1016/j.eurpsy.2017.01.1485,2017,1
Agnieszka Monika Golec,https://orcid.org/0000-0002-7631-9486,https://doi.org/10.1037/cdp0000509,2021-12-09,0
Agnieszka Monika Golec,https://orcid.org/0000-0002-7631-9486,https://doi.org/10.1111/psyp.13879,2021-09,1
Agnieszka Monika Golec,https://orcid.org/0000-0002-7631-9486,https://doi.org/10.1177/1948550620963655,2021-08-14,1
Agnieszka Monika Golec,https://orcid.org/0000-0002-7631-9486,https://doi.org/10.1007/s11199-020-01193-3,2021-06-05,1
Agnieszka Monika Golec,https://orcid.org/0000-0002-7631-9486,https://doi.org/10.1037/sgd0000446,2021-06-03,0
Agnieszka Monika Golec,https://orcid.org/0000-0002-7631-9486,https://doi.org/10.1002/jts5.69,2021-04-06,1
Agnieszka Monika Golec,https://orcid.org/0000-0002-7631-9486,https://doi.org/10.1177/0963721420917703,2020-06,1
Agnieszka Monika Golec,https://orcid.org/0000-0002-7631-9486,https://doi.org/10.1111/bjso.12367,2020-02-11,0
Agnieszka Monika Golec,https://orcid.org/0000-0002-7631-9486,https://doi.org/10.1111/pops.12569,2019-02,1
Agnieszka Monika Golec,https://orcid.org/0000-0002-7631-9486,https://doi.org/10.1093/poq/nfx048,2018,1
Agnieszka Monika Golec,https://orcid.org/0000-0002-7631-9486,https://doi.org/10.3389/fpsyg.2017.02023,2017,1
Agnieszka Monika Golec,https://orcid.org/0000-0002-7631-9486,https://doi.org/10.3389/fpsyg.2017.00752,2017,1
Agnieszka Monika Golec,https://orcid.org/0000-0002-7631-9486,https://doi.org/10.1111/jopy.12328,2017-05,1
Anna Maria Grabowska,https://orcid.org/0000-0003-2156-350X,https://doi.org/10.3389/fnins.2019.01287,2019-11-29,1
Anna Maria Grabowska,https://orcid.org/0000-0003-2156-350X,https://doi.org/10.1016/j.dcn.2019.100683,2019-10,1
Anna Maria Grabowska,https://orcid.org/0000-0003-2156-350X,https://doi.org/10.1038/s41598-018-21857-1,2018,1
Anna Maria Grabowska,https://orcid.org/0000-0003-2156-350X,https://doi.org/10.1038/s41598-017-18878-7,2018,1
Anna Maria Grabowska,https://orcid.org/0000-0003-2156-350X,https://doi.org/10.1371/journal.pone.0176591,2017,0
Anna Maria Grabowska,https://orcid.org/0000-0003-2156-350X,https://doi.org/10.1002/jnr.23953,2017,1
Damian Wojciech Grabowski,https://orcid.org/0000-0001-8589-4135,https://doi.org/10.1108/bjm-01-2017-0023,2018-01-02,1
Damian Wojciech Grabowski,https://orcid.org/0000-0001-8589-4135,https://doi.org/10.29119/1641-3466.2017.106.17,2017,0
Damian Wojciech Grabowski,https://orcid.org/0000-0001-8589-4135,https://doi.org/10.18290/rpsych.2017.20.1-6en,2017,0
Damian Wojciech Grabowski,https://orcid.org/0000-0001-8589-4135,https://doi.org/10.15678/eber.2017.050202,2017,0
Damian Wojciech Grabowski,https://orcid.org/0000-0001-8589-4135,https://doi.org/10.18290/rpsych.2017.20.1-6pl,2017,0
Alicja Magdalena Grochowska,https://orcid.org/0000-0002-7104-5738,https://doi.org/10.15678/pjoep.2017.12.03,2017,0
Katarzyna Growiec,https://orcid.org/0000-0002-4448-2561,https://doi.org/10.1038/s41467-021-21602-9,2021-03-05,1
Katarzyna Growiec,https://orcid.org/0000-0002-4448-2561,https://doi.org/10.18564/jasss.4178,2020,0
Katarzyna Growiec,https://orcid.org/0000-0002-4448-2561,https://doi.org/10.1016/j.socnet.2018.05.002,2018,1
Katarzyna Anna Grunt-Mejer,https://orcid.org/0000-0001-5679-5322,https://doi.org/10.1136/medethics-2020-107153,2021,1
Katarzyna Anna Grunt-Mejer,https://orcid.org/0000-0001-5679-5322,https://doi.org/10.1007/s10508-020-01787-8,2020-11-28,1
Katarzyna Anna Grunt-Mejer,https://orcid.org/0000-0001-5679-5322,https://doi.org/10.1016/j.jsxm.2017.04.404,2017-05,1
Daniela Maria Hekiert,https://orcid.org/0000-0002-6108-993X,https://doi.org/10.18290/rpsych.2019.22.1-2,2019,0
Anna Maria Hełka,https://orcid.org/0000-0002-3242-2553,https://doi.org/10.1177/0033294118768671,2018,1
Irena Iskra-Golec,https://orcid.org/0000-0002-7236-4394,https://doi.org/10.1177/1477153519876969,2020,1
Irena Iskra-Golec,https://orcid.org/0000-0002-7236-4394,https://doi.org/10.2486/indhealth.sw-4,2019,1
Irena Iskra-Golec,https://orcid.org/0000-0002-7236-4394,https://doi.org/10.5709/acp-0224-0,2017,1
Irena Iskra-Golec,https://orcid.org/0000-0002-7236-4394,https://doi.org/10.13075/ijomeh.1896.00670,2017,0
Magdalena Zyta Jabłońska,https://orcid.org/0000-0003-4802-2842,https://doi.org/10.5406/amerjpsyc.134.1.0001,2021,0
Magdalena Zyta Jabłońska,https://orcid.org/0000-0003-4802-2842,https://doi.org/10.4467/24498939ijcm.16.022.6703,2017,0
Marta Jackowska,https://orcid.org/0000-0002-2930-0483,https://doi.org/10.1037/amp0000666,2020-09-24,0
Marta Jackowska,https://orcid.org/0000-0002-2930-0483,https://doi.org/10.1016/j.archger.2019.103967,2020-03,1
Marta Jackowska,https://orcid.org/0000-0002-2930-0483,https://doi.org/10.1177/0959354319858419,2019-06-24,1
Marta Jackowska,https://orcid.org/0000-0002-2930-0483,https://doi.org/10.1186/s12889-019-6424-y,2019-01-16,1
Marta Jackowska,https://orcid.org/0000-0002-2930-0483,https://doi.org/10.1007/s12529-017-9703-y,2017-12-04,1
Marta Jackowska,https://orcid.org/0000-0002-2930-0483,https://doi.org/10.1111/bjop.12250,2017-04-13,1
Kamila Anna Jankowiak-Siuda,https://orcid.org/0000-0002-0210-2487,https://doi.org/10.1007/s00406-020-01227-7,2021,1
Kamila Anna Jankowiak-Siuda,https://orcid.org/0000-0002-0210-2487,https://doi.org/10.3389/fpsyg.2019.00701,2019,1
Kamila Anna Jankowiak-Siuda,https://orcid.org/0000-0002-0210-2487,https://doi.org/10.5114/nan.2019.89790,2019,1
Kamila Anna Jankowiak-Siuda,https://orcid.org/0000-0002-0210-2487,https://doi.org/10.3389/fpsyg.2018.00052,2018,1
Kamila Anna Jankowiak-Siuda,https://orcid.org/0000-0002-0210-2487,https://doi.org/10.1515/ppb-2017-0014,2017,1
Kamila Anna Jankowiak-Siuda,https://orcid.org/0000-0002-0210-2487,https://doi.org/10.12740/pp/64270,2017,0
Dorota Juszczyk,https://orcid.org/0000-0003-2187-8085,https://doi.org/10.3310/hta25120,2021,0
Dorota Juszczyk,https://orcid.org/0000-0003-2187-8085,https://doi.org/10.1017/s1368980018003105,2019,1
Dorota Juszczyk,https://orcid.org/0000-0003-2187-8085,https://doi.org/10.1136/bmj.l236,2019,1
Dorota Juszczyk,https://orcid.org/0000-0003-2187-8085,https://doi.org/10.3310/hta23110,2019,0
Dorota Juszczyk,https://orcid.org/0000-0003-2187-8085,https://doi.org/10.1093/occmed/kqz068,2019,1
Dorota Juszczyk,https://orcid.org/0000-0003-2187-8085,https://doi.org/10.1136/bmj.l1144,2019,1
Dorota Juszczyk,https://orcid.org/0000-0003-2187-8085,https://doi.org/10.1186/s40814-018-0310-8,2018,1
Dorota Juszczyk,https://orcid.org/0000-0003-2187-8085,https://doi.org/10.1210/js.2017-00044,2017,1
Joanna Kabzińska,https://orcid.org/0000-0002-2135-8699,https://doi.org/10.7420/ak2018a,2018,0
Radosław Patrycjusz Kaczan,https://orcid.org/0000-0002-2307-3216,https://doi.org/10.31648/pp.7840,2021-12-21,0
Romana Stefania Kadzikowska-Wrzosek,https://orcid.org/0000-0003-0658-9656,https://doi.org/10.1007/s12144-018-9825-7,2018,1
Romana Stefania Kadzikowska-Wrzosek,https://orcid.org/0000-0003-0658-9656,https://doi.org/10.1016/j.paid.2018.02.015,2018,1
Anna Maria Kamza,https://orcid.org/0000-0002-0403-8079,https://doi.org/10.1186/s40359-021-00524-7,2021-12,1
Anna Maria Kamza,https://orcid.org/0000-0002-0403-8079,https://doi.org/10.1186/s40359-019-0361-5,2019-12,1
Anna Maria Kamza,https://orcid.org/0000-0002-0403-8079,https://doi.org/10.1016/j.actpsy.2018.11.007,2019-01,1
Anna Maria Kamza,https://orcid.org/0000-0002-0403-8079,https://doi.org/10.1080/17405629.2017.1422719,2018-01-09,1
Anna Maria Kamza,https://orcid.org/0000-0002-0403-8079,https://doi.org/10.17239/l1esll-2017.17.04.04,2017-09,0
Aleksandra Anna Kołodziej,https://orcid.org/0000-0002-6042-8215,https://doi.org/10.5114/nan.2018.81249,2018,1
Aleksandra Anna Kołodziej,https://orcid.org/0000-0002-6042-8215,https://doi.org/10.12740/pp/onlinefirst/61414,2017-02-26,0
Monika Kornacka,https://orcid.org/0000-0003-2737-9236,https://doi.org/10.2147/ijwh.s294216,2021-06,0
Monika Kornacka,https://orcid.org/0000-0003-2737-9236,https://doi.org/10.1080/20008198.2021.1909281,2021-01-01,1
Monika Kornacka,https://orcid.org/0000-0003-2737-9236,https://doi.org/10.1007/s40519-020-00857-z,2020-02-18,1
Monika Kornacka,https://orcid.org/0000-0003-2737-9236,https://doi.org/10.3389/fpsyg.2019.01372,2019-06-18,1
Monika Kornacka,https://orcid.org/0000-0003-2737-9236,https://doi.org/10.1007/s40519-018-0563-5,2018-08,1
Monika Kornacka,https://orcid.org/0000-0003-2737-9236,https://doi.org/10.3389/fpsyg.2017.02159,2017-12,1
Monika Kornacka,https://orcid.org/0000-0003-2737-9236,https://doi.org/10.12740/pp/80301,2017-12,0
Maciej Kościelniak,https://orcid.org/0000-0003-3452-864X,https://doi.org/10.1371/journal.pone.0255491,2021-09-15,0
Maciej Kościelniak,https://orcid.org/0000-0003-3452-864X,https://doi.org/10.1016/j.jrp.2021.104144,2021-08,0
Maciej Kościelniak,https://orcid.org/0000-0003-3452-864X,https://doi.org/10.7206/dec.1733-0092.123,2019,0
Maciej Kościelniak,https://orcid.org/0000-0003-3452-864X,https://doi.org/10.3389/fpsyg.2019.01887,2019-08-16,1
Maciej Kościelniak,https://orcid.org/0000-0003-3452-864X,https://doi.org/10.24425/119482,2018,0
Maciej Kościelniak,https://orcid.org/0000-0003-3452-864X,https://doi.org/10.3389/fpsyg.2018.02321,2018-11,1
Maciej Kościelniak,https://orcid.org/0000-0003-3452-864X,https://doi.org/10.7366/1896180020174202,2017,0
Maciej Kościelniak,https://orcid.org/0000-0003-3452-864X,https://doi.org/10.3389/fpsyg.2017.00541,2017-04-11,1
Natalia Kowalczyk-Grębska,https://orcid.org/0000-0002-2294-5529,https://doi.org/10.1556/2006.2021.00002,2021-02-10,0
Natalia Kowalczyk-Grębska,https://orcid.org/0000-0002-2294-5529,https://doi.org/10.1111/nyas.14548,2020-12-29,1
Natalia Kowalczyk-Grębska,https://orcid.org/0000-0002-2294-5529,https://doi.org/10.36921/kos.2020_2626,2020-04-11,0
Agata Kozłowska,https://orcid.org/0000-0002-4813-5233,https://doi.org/10.31648/pp.7321,2021-12-22,0
Agata Kozłowska,https://orcid.org/0000-0002-4813-5233,https://doi.org/10.2478/anre-2021-0011,2021-06-30,0
Izabela Krejtz,https://orcid.org/0000-0002-9827-8371,https://doi.org/10.1007/s12144-021-02305-2,2021-09-23,0
Izabela Krejtz,https://orcid.org/0000-0002-9827-8371,https://doi.org/10.1080/00207454.2020.1748621,2020,1
Izabela Krejtz,https://orcid.org/0000-0002-9827-8371,https://doi.org/10.1007/s12671-020-01353-2,2020,1
Izabela Krejtz,https://orcid.org/0000-0002-9827-8371,https://doi.org/10.1080/02699931.2020.1795627,2020-11-16,1
Izabela Krejtz,https://orcid.org/0000-0002-9827-8371,https://doi.org/10.5007/2175-7968.2020v40n2p377,2020-05-19,1
Izabela Krejtz,https://orcid.org/0000-0002-9827-8371,https://doi.org/10.1080/02699931.2018.1541168,2019,1
Izabela Krejtz,https://orcid.org/0000-0002-9827-8371,https://doi.org/10.1016/j.genhosppsych.2019.04.014,2019,1
Izabela Krejtz,https://orcid.org/0000-0002-9827-8371,https://doi.org/10.1007/s12144-019-0164-0,2019,1
Izabela Krejtz,https://orcid.org/0000-0002-9827-8371,https://doi.org/10.3389/fpsyg.2019.01365,2019,1
Izabela Krejtz,https://orcid.org/0000-0002-9827-8371,https://doi.org/10.1007/s10902-018-9979-x,2019,1
Izabela Krejtz,https://orcid.org/0000-0002-9827-8371,https://doi.org/10.1093/deafed/enz036,2019-10-29,1
Izabela Krejtz,https://orcid.org/0000-0002-9827-8371,https://doi.org/10.1371/journal.pone.0203629,2018,1
Izabela Krejtz,https://orcid.org/0000-0002-9827-8371,https://doi.org/10.1002/jclp.22617,2018-09-15,1
Izabela Krejtz,https://orcid.org/0000-0002-9827-8371,https://doi.org/10.1016/j.genhosppsych.2017.04.013,2017,1
Izabela Krejtz,https://orcid.org/0000-0002-9827-8371,https://doi.org/10.1016/j.jrp.2017.09.002,2017,1
Aleksandra Karolina Kroemeke,https://orcid.org/0000-0001-8707-742X,https://doi.org/10.1186/s12877-020-01952-7,2021-01,0
Aleksandra Karolina Kroemeke,https://orcid.org/0000-0001-8707-742X,https://doi.org/10.1002/pon.5440,2020-07-02,1
Aleksandra Karolina Kroemeke,https://orcid.org/0000-0001-8707-742X,https://doi.org/10.3389/fpsyg.2019.02195,2019-09,1
Aleksandra Karolina Kroemeke,https://orcid.org/0000-0001-8707-742X,https://doi.org/10.1080/10615806.2019.1660321,2019-08,1
Aleksandra Karolina Kroemeke,https://orcid.org/0000-0001-8707-742X,https://doi.org/10.3389/fnagi.2019.00126,2019-05,1
Aleksandra Karolina Kroemeke,https://orcid.org/0000-0001-8707-742X,https://doi.org/10.1037/ccp0000398,2019-04,0
Aleksandra Karolina Kroemeke,https://orcid.org/0000-0001-8707-742X,https://doi.org/10.3389/fpsyg.2019.00059,2019-01-23,1
Aleksandra Karolina Kroemeke,https://orcid.org/0000-0001-8707-742X,https://doi.org/10.1007/s10865-018-9968-x,2018,1
Aleksandra Karolina Kroemeke,https://orcid.org/0000-0001-8707-742X,https://doi.org/10.1371/journal.pone.0200124,2018,1
Aleksandra Karolina Kroemeke,https://orcid.org/0000-0001-8707-742X,https://doi.org/10.1002/pon.4619,2018,1
Aleksandra Karolina Kroemeke,https://orcid.org/0000-0001-8707-742X,https://doi.org/10.1007/s11136-017-1705-3,2018-09,1
Aleksandra Karolina Kroemeke,https://orcid.org/0000-0001-8707-742X,https://doi.org/10.1007/s10522-017-9693-9,2017,1
Aleksandra Karolina Kroemeke,https://orcid.org/0000-0001-8707-742X,https://doi.org/10.1515/ppb-2017-0039,2017,0
Aleksandra Karolina Kroemeke,https://orcid.org/0000-0001-8707-742X,https://doi.org/10.3389/fpsyg.2017.01245,2017,1
Katarzyna Anna Kuć,https://orcid.org/0000-0002-1474-8410,https://doi.org/10.1089/cap.2020.0075,2021-01,0
Katarzyna Anna Kuć,https://orcid.org/0000-0002-1474-8410,https://doi.org/10.1016/j.clinph.2020.05.028,2020,1
Wojciech Marek Kulesza,https://orcid.org/0000-0001-5457-6396,https://doi.org/10.3390/su132212562,2021-11,0
Wojciech Marek Kulesza,https://orcid.org/0000-0001-5457-6396,https://doi.org/10.1027/2151-2604/a000451,2021-09,0
Wojciech Marek Kulesza,https://orcid.org/0000-0001-5457-6396,https://doi.org/10.24425/ppb.2020.132650,2020,0
Wojciech Marek Kulesza,https://orcid.org/0000-0001-5457-6396,https://doi.org/10.5114/aoms.2020.99592,2020-10-02,1
Wojciech Marek Kulesza,https://orcid.org/0000-0001-5457-6396,https://doi.org/10.3390/jcm9051464,2020-05-13,1
Wojciech Marek Kulesza,https://orcid.org/0000-0001-5457-6396,https://doi.org/10.1080/00224545.2020.1758017,2020-04-29,1
Wojciech Marek Kulesza,https://orcid.org/0000-0001-5457-6396,https://doi.org/10.32872%2Fspb.v13i4.25660,2018-12-23,0
Wojciech Marek Kulesza,https://orcid.org/0000-0001-5457-6396,https://doi.org/10.1177/1938965518797075,2018-09-06,1
Wojciech Marek Kulesza,https://orcid.org/0000-0001-5457-6396,https://doi.org/10.7366%2F1896180020174006,2017,0
Jakub Michał Kuś,https://orcid.org/0000-0001-6305-8080,https://doi.org/10.3389/fpsyg.2021.624649,2021,0
Jakub Michał Kuś,https://orcid.org/0000-0001-6305-8080,https://doi.org/10.1016/j.chb.2018.01.043,2018,1
Joanna Maria Kwaśniewska,https://orcid.org/0000-0001-5187-649X,https://doi.org/10.1016/j.tsc.2017.11.002,2018,1
Joanna Maria Kwaśniewska,https://orcid.org/0000-0001-5187-649X,https://doi.org/10.1515/ctra-2017-0007,2017-07-23,0
Zuzanna Kwissa-Gajewska,https://orcid.org/0000-0002-4033-1870,https://doi.org/10.5114/hpr.2017.67701,2017,1
Zuzanna Kwissa-Gajewska,https://orcid.org/0000-0002-4033-1870,https://doi.org/10.1007/s10865-017-9874-7,2017-07,1
Maria Lis-Turlejska,https://orcid.org/0000-0002-7418-8566,https://doi.org/10.1080/20008198.2018.1423831,2018,1
Maria Lis-Turlejska,https://orcid.org/0000-0002-7418-8566,https://doi.org/10.12740/pp/onlinefirst/69218,2018,0
Robert Jacek Mackiewicz,https://orcid.org/0000-0002-2990-2337,https://doi.org/10.3758/s13423-021-01977-y,2021,0
Robert Jacek Mackiewicz,https://orcid.org/0000-0002-2990-2337,https://doi.org/10.3758/s13421-018-0838-0,2018,1
Konrad Piotr Maj,http://orcid.org/0000-0002-9605-4251,https://doi.org/10.1371/journal.pone.0231313,2020-04-15,1
Konrad Piotr Maj,http://orcid.org/0000-0002-9605-4251,https://doi.org/10.1515/pjbr-2019-0026,2019,1
Konrad Piotr Maj,http://orcid.org/0000-0002-9605-4251,https://doi.org/10.17504/protocols.io.bau3ieyn,2019-12-28,0
Magdalena Maria Marszał-Wiśniewska,https://orcid.org/0000-0002-1423-3660,https://doi.org/10.3390/brainsci11050599,2021-05-07,1
Magdalena Maria Marszał-Wiśniewska,https://orcid.org/0000-0002-1423-3660,https://doi.org/10.2478/v10167-010-0181,2018,0
Magdalena Maria Marszał-Wiśniewska,https://orcid.org/0000-0002-1423-3660,https://doi.org/10.1007/s10902-017-9879-5,2017,1
Karolina Mazurowska,https://orcid.org/0000-0003-0914-1144,https://doi.org/10.15804/npw20202608,2020-09-30,0
Karolina Mazurowska,https://orcid.org/0000-0003-0914-1144,https://doi.org/10.18290/rh.2018.66.9-2,2018,0
Jarosław Maciej Michałowski,https://orcid.org/0000-0002-5811-740X ,https://doi.org/10.1016/j.rmed.2017.04.011,2017,1
Jarosław Maciej Michałowski,https://orcid.org/0000-0002-5811-740X ,https://doi.org/10.1016/j.paid.2017.06.010,2017,1
Jarosław Maciej Michałowski,https://orcid.org/0000-0002-5811-740X ,https://doi.org/10.1027/1015-5759/a000286,2017,0
Jarosław Maciej Michałowski,https://orcid.org/0000-0002-5811-740X ,https://doi.org/10.3389/fpsyg.2017.00274,2017,1
Jarosław Maciej Michałowski,https://orcid.org/0000-0002-5811-740X ,https://doi.org/10.1007/s11682-016-9557-y,2017,1
Jarosław Maciej Michałowski,https://orcid.org/0000-0002-5811-740X ,https://doi.org/10.3758/s13428-016-0797-y,2017,1
Agnieszka Dorota Mościcka-Teske,https://orcid.org/0000-0003-3265-8635 ,https://doi.org/10.13075/ijomeh.1896.01162,2019-02-27,0
Agnieszka Dorota Mościcka-Teske,https://orcid.org/0000-0003-3265-8635 ,https://doi.org/10.1080/10803548.2016.1197577,2017,1
Błażej Stanisław Mroziński,https://orcid.org/0000-0002-5423-2291 ,https://doi.org/10.1371/journal.pone.0247814,2021-03-10,0
Błażej Stanisław Mroziński,https://orcid.org/0000-0002-5423-2291 ,https://doi.org/10.1177/0265407520969896,2021-02,1
Błażej Stanisław Mroziński,https://orcid.org/0000-0002-5423-2291 ,https://doi.org/10.3917/anpsy1.201.0039,2020,0
Błażej Stanisław Mroziński,https://orcid.org/0000-0002-5423-2291 ,https://doi.org/10.1080/15298868.2020.1773524,2020-06-02,1
Błażej Stanisław Mroziński,https://orcid.org/0000-0002-5423-2291 ,https://doi.org/10.24425/ppb.2019.131004,2019-12-29,0
Błażej Stanisław Mroziński,https://orcid.org/0000-0002-5423-2291 ,https://doi.org/10.3389/fpsyg.2019.01901,2019-09-04,1
Błażej Stanisław Mroziński,https://orcid.org/0000-0002-5423-2291 ,https://doi.org/10.15503/jecs20181.99.108,2018-06-28,0
Błażej Stanisław Mroziński,https://orcid.org/0000-0002-5423-2291 ,https://doi.org/10.1080/15298868.2017.1414716,2018-05,1
Błażej Stanisław Mroziński,https://orcid.org/0000-0002-5423-2291 ,https://doi.org/10.3389/fpsyg.2017.00615,2017-04,1
Czesław Nosal,http://orcid.org/0000-0002-1693-2692 ,https://doi.org/10.1016/j.intell.2017.12.001,2018-03,1
Czesław Nosal,http://orcid.org/0000-0002-1693-2692 ,https://doi.org/10.15678/pjoep.2017.12.04,2017,0
Magdalena Nowicka,https://orcid.org/0000-0002-1283-3267 ,https://doi.org/10.3390/ijerph17155568,2020-08-01,1
Magdalena Nowicka,https://orcid.org/0000-0002-1283-3267 ,https://doi.org/10.1016/j.schres.2017.12.018,2018,1
Michał Ryszard Olszanowski,https://orcid.org/0000-0003-1771-2760 ,https://doi.org/10.1007/s11031-021-09897-z,2021-10,1
Michał Ryszard Olszanowski,https://orcid.org/0000-0003-1771-2760 ,https://doi.org/10.1080/02699931.2019.1611543,2020,1
Michał Ryszard Olszanowski,https://orcid.org/0000-0003-1771-2760 ,https://doi.org/10.3758/s13415-020-00778-5,2020-04,1
Michał Ryszard Olszanowski,https://orcid.org/0000-0003-1771-2760 ,https://doi.org/10.18290/rpsych.2019.22.1-1,2019-11,0
Michał Ryszard Olszanowski,https://orcid.org/0000-0003-1771-2760 ,https://doi.org/10.18290/rpsych.2019.22.1-6,2019-11-19,0
Michał Ryszard Olszanowski,https://orcid.org/0000-0003-1771-2760 ,https://doi.org/10.18290/rpsych.2019.22.1-3,2019-11-19,0
Michał Ryszard Olszanowski,https://orcid.org/0000-0003-1771-2760 ,https://doi.org/10.1080/20445911.2019.1635605,2019-08-18,1
Michał Ryszard Olszanowski,https://orcid.org/0000-0003-1771-2760 ,https://doi.org/10.1080/02699931.2017.1386622,2018,1
Justyna Olszewska,http://orcid.org/0000-0002-7255-4542 ,https://doi.org/10.1007/s12144-019-00492-7,2021-11-03,1
Justyna Olszewska,http://orcid.org/0000-0002-7255-4542 ,https://doi.org/10.1027/1618-3169/a000506,2021-01-12,0
Anna Orylska,https://orcid.org/0000-0002-3853-1806 ,https://doi.org/10.3389/feduc.2019.00012,2019-02-22,1
Jarosław Orzechowski,https://orcid.org/0000-0001-7722-4932 ,https://doi.org/10.1080/20445911.2021.1916508,2021,1
Jarosław Orzechowski,https://orcid.org/0000-0001-7722-4932 ,https://doi.org/10.3390/brainsci11020155,2021-01,1
Jarosław Orzechowski,https://orcid.org/0000-0001-7722-4932 ,https://doi.org/10.1038/s41598-020-77944-9,2020-12,1
Jarosław Orzechowski,https://orcid.org/0000-0001-7722-4932 ,https://doi.org/10.1080/20445911.2019.1687485,2019-11-17,1
Jarosław Orzechowski,https://orcid.org/0000-0001-7722-4932 ,https://doi.org/10.1080/20445911.2019.1591421,2019-04-03,1
Jarosław Orzechowski,https://orcid.org/0000-0001-7722-4932 ,https://doi.org/10.1007/s12144-019-00208-x,2019-03-12,1
Jarosław Orzechowski,https://orcid.org/0000-0001-7722-4932 ,https://doi.org/10.1002/acp.3500,2018-11-26,1
Jarosław Orzechowski,https://orcid.org/0000-0001-7722-4932 ,https://doi.org/10.13075/mp.5893.00709,2018-09-28,0
Jarosław Orzechowski,https://orcid.org/0000-0001-7722-4932 ,https://doi.org/10.3389/fpsyg.2018.01139,2018-07-09,1
Jarosław Orzechowski,https://orcid.org/0000-0001-7722-4932 ,https://doi.org/10.1016/j.tsc.2016.12.004,2017-03,1
Paweł Maria Ostaszewski,https://orcid.org/0000-0003-0583-7697 ,https://doi.org/10.1007/s40732-020-00442-x,2020,1
Paweł Maria Ostaszewski,https://orcid.org/0000-0003-0583-7697 ,https://doi.org/10.1007/s12144-017-9662-0,2019,1
Paweł Maria Ostaszewski,https://orcid.org/0000-0003-0583-7697 ,https://doi.org/10.5114/polp.2019.89866,2019,1
Paweł Maria Ostaszewski,https://orcid.org/0000-0003-0583-7697 ,https://doi.org/10.1007/s12144-017-9754-x,2017,1
Michał Parzuchowski,https://orcid.org/0000-0002-8960-0277 ,https://doi.org/10.1007/s12144-018-9861-3,2018,1
Michał Parzuchowski,https://orcid.org/0000-0002-8960-0277 ,https://doi.org/10.5964/spb.v13i1.25506,2018-04-11,0
Michał Parzuchowski,https://orcid.org/0000-0002-8960-0277 ,https://doi.org/10.1017/s0140525x16001035,2017,1
Igor Jakub Pietkiewicz,https://orcid.org/0000-0001-6913-0186 ,https://doi.org/10.15557/pipk.2021.0003,2021,0
Igor Jakub Pietkiewicz,https://orcid.org/0000-0001-6913-0186 ,https://doi.org/10.1016/j.ejtd.2021.100204,2021-11,1
Igor Jakub Pietkiewicz,https://orcid.org/0000-0001-6913-0186 ,https://doi.org/10.3389/fpsyg.2021.637929,2021-05-06,0
Igor Jakub Pietkiewicz,https://orcid.org/0000-0001-6913-0186 ,https://doi.org/10.3389/fpsyg.2021.628925,2021-03-19,0
Igor Jakub Pietkiewicz,https://orcid.org/0000-0001-6913-0186 ,https://doi.org/10.15557/pipk.2020.0017,2020-07,0
Igor Jakub Pietkiewicz,https://orcid.org/0000-0001-6913-0186 ,https://doi.org/10.1016/j.ejtd.2019.100131,2020-05,1
Igor Jakub Pietkiewicz,https://orcid.org/0000-0001-6913-0186 ,https://doi.org/10.15557/pipk.2019.0035,2019,0
Igor Jakub Pietkiewicz,https://orcid.org/0000-0001-6913-0186 ,https://doi.org/10.1016/j.ejtd.2019.02.003,2019-11,1
Igor Jakub Pietkiewicz,https://orcid.org/0000-0001-6913-0186 ,https://doi.org/10.1016/j.ejtd.2018.05.002,2019-03,1
Igor Jakub Pietkiewicz,https://orcid.org/0000-0001-6913-0186 ,https://doi.org/10.1080/10538712.2017.1372837,2017-11-17,1
Igor Jakub Pietkiewicz,https://orcid.org/0000-0001-6913-0186 ,https://doi.org/10.15557/pipk.2020.0006,unrecovered,0
Konrad Marcin Piotrowski,https://orcid.org/0000-0001-9752-510X ,https://doi.org/10.1111/sjop.12779,2021-12-19,0
Konrad Marcin Piotrowski,https://orcid.org/0000-0001-9752-510X ,https://doi.org/10.1371/journal.pone.0254163,2021-07-21,0
Konrad Marcin Piotrowski,https://orcid.org/0000-0001-9752-510X ,https://doi.org/10.1007/s12144-021-01499-9,2021-03-01,1
Konrad Marcin Piotrowski,https://orcid.org/0000-0001-9752-510X ,https://doi.org/10.1007/s12144-018-9903-x,2020-12-22,1
Konrad Marcin Piotrowski,https://orcid.org/0000-0001-9752-510X ,https://doi.org/10.1080/17405629.2018.1438257,2019,1
Konrad Marcin Piotrowski,https://orcid.org/0000-0001-9752-510X ,https://doi.org/10.1080/17405629.2018.1467755,2019-09-03,1
Konrad Marcin Piotrowski,https://orcid.org/0000-0001-9752-510X ,https://doi.org/10.3389/fpsyg.2019.01864,2019-08-23,1
Konrad Marcin Piotrowski,https://orcid.org/0000-0001-9752-510X ,https://doi.org/10.1007/s12144-019-00198-w,2019-03-05,1
Konrad Marcin Piotrowski,https://orcid.org/0000-0001-9752-510X ,https://doi.org/10.1007/s12144-018-0043-0,2018,1
Konrad Marcin Piotrowski,https://orcid.org/0000-0001-9752-510X ,https://doi.org/10.1111/sjop.12416,2018-04-12,1
Agnieszka Ewa Popiel,https://orcid.org/0000-0001-9990-4971 ,https://doi.org/10.18290/rpsych.2017.20.2-1pl,2017,0
Agnieszka Ewa Popiel,https://orcid.org/0000-0001-9990-4971 ,https://doi.org/10.18290/rpsych.2017.20.2-4pl,2017,0
Agnieszka Popławska,https://orcid.org/0000-0001-8689-6757 ,https://doi.org/10.1016/j.paid.2018.06.023,2018,0
Aleksandra Rabinovitch (Niemyjska),https://orcid.org/0000-0002-4773-7814 ,https://doi.org/10.1016/j.appet.2021.105121,2021,1
Aleksandra Rabinovitch (Niemyjska),https://orcid.org/0000-0002-4773-7814 ,https://doi.org/10.1111/pere.12274,2019-06-23,1
Aleksandra Rabinovitch (Niemyjska),https://orcid.org/0000-0002-4773-7814 ,https://doi.org/10.1080/10508619.2018.1482132,2018-07-03,1
Sylwiusz Retowski,https://orcid.org/0000-0002-6133-0658 ,https://doi.org/10.3390/ijerph182212081,2021-11-17,0
Sylwiusz Retowski,https://orcid.org/0000-0002-6133-0658 ,https://doi.org/10.1002/job.2512,2021-06,1
Sylwiusz Retowski,https://orcid.org/0000-0002-6133-0658 ,https://doi.org/10.3389/fpsyg.2017.02318,2018,1
Marta Anna Roczniewska,https://orcid.org/0000-0003-0815-1455 ,https://doi.org/10.1186/s12884-021-03810-9,2021-12,0
Marta Anna Roczniewska,https://orcid.org/0000-0003-0815-1455 ,https://doi.org/10.1186/s13104-020-05432-4,2021-12,1
Marta Anna Roczniewska,https://orcid.org/0000-0003-0815-1455 ,https://doi.org/10.1016/j.jbusres.2021.08.010,2021-11,0
Marta Anna Roczniewska,https://orcid.org/0000-0003-0815-1455 ,https://doi.org/10.3390/ijerph181910036,2021-09-24,0
Marta Anna Roczniewska,https://orcid.org/0000-0003-0815-1455 ,https://doi.org/10.3390/ijerph18179084,2021-08-28,0
Marta Anna Roczniewska,https://orcid.org/0000-0003-0815-1455 ,https://doi.org/10.1111/jan.14872,2021-08-06,1
Marta Anna Roczniewska,https://orcid.org/0000-0003-0815-1455 ,https://doi.org/10.3390/ijerph17041200,2020-02-13,1
Marta Anna Roczniewska,https://orcid.org/0000-0003-0815-1455 ,https://doi.org/10.1016/j.jesp.2019.103882,2019-11,1
Marta Anna Roczniewska,https://orcid.org/0000-0003-0815-1455 ,https://doi.org/10.1515/ppb-2017-0023,2017,1
Danuta Rode,https://orcid.org/0000-0001-5729-8168 ,https://doi.org/10.4467/20843879pr.19.010.10893,2019,0
Danuta Rode,https://orcid.org/0000-0001-5729-8168 ,https://doi.org/10.1007/s10896-019-00036-4,2019-03-02,1
Danuta Rode,https://orcid.org/0000-0001-5729-8168 ,https://doi.org/10.14691/cppj.24.1.227,2018,0
Danuta Rode,https://orcid.org/0000-0001-5729-8168 ,https://doi.org/10.5114/cipp.2018.72262,2018,1
Danuta Rode,https://orcid.org/0000-0001-5729-8168 ,https://doi.org/10.5114/hpr.2018.71635,2018,1
Anna Maria Rogala,https://orcid.org/0000-0002-6780-2265 ,https://doi.org/10.1016/j.invent.2020.100322,2020,1
Joanna Maria Roszak,https://orcid.org/0000-0003-1048-745X ,https://doi.org/10.1080/00918369.2019.1661728,2021-04-16,1
Joanna Maria Roszak,https://orcid.org/0000-0003-1048-745X ,https://doi.org/10.1177/1069397118822992,2019,1
Krystyna Jolanta Rymarczyk,https://orcid.org/0000-0002-4085-9480 ,https://doi.org/10.3389/fpsyg.2021.733742,2021-12-15,0
Krystyna Jolanta Rymarczyk,https://orcid.org/0000-0002-4085-9480 ,https://doi.org/10.33896/porj.2021.6.3,2021-06-15,0
Krystyna Jolanta Rymarczyk,https://orcid.org/0000-0002-4085-9480 ,https://doi.org/10.1038/s41598-020-74388-z,2020-10-14,1
Krystyna Jolanta Rymarczyk,https://orcid.org/0000-0002-4085-9480 ,https://doi.org/10.3390/nu11112832,2019-11-31,1
Krystyna Jolanta Rymarczyk,https://orcid.org/0000-0002-4085-9480 ,https://doi.org/10.1080/13546805.2018.1426448,2018,1
Katarzyna Julia Samson,https://orcid.org/0000-0003-0248-8233,https://doi.org/10.1002/ejsp.2648,2020-04-10,1
Katarzyna Julia Samson,https://orcid.org/0000-0003-0248-8233,https://doi.org/10.1080/21515581.2018.1516557,2018,1
Katarzyna Julia Samson,https://orcid.org/0000-0003-0248-8233,https://doi.org/10.1371/journal.pone.0205566,2018-10-12,1
Katarzyna Maria Sanna,https://orcid.org/0000-0002-1903-1830,https://doi.org/10.5114/pson.2018.92900,2018,0
Ralf Schwarzer,https://orcid.org/0000-0002-0069-3826,https://doi.org/10.1111/bjhp.12516,2021-11,1
Ralf Schwarzer,https://orcid.org/0000-0002-0069-3826,https://doi.org/10.2196/26397,2021-11-23,0
Ralf Schwarzer,https://orcid.org/0000-0002-0069-3826,https://doi.org/10.1111/bjhp.12452,2021-02-25,1
Ralf Schwarzer,https://orcid.org/0000-0002-0069-3826,https://doi.org/10.1016/j.cose.2020.101954,2020-10,1
Ralf Schwarzer,https://orcid.org/0000-0002-0069-3826,https://doi.org/10.1007/s12529-020-09865-w,2020-08-11,1
Ralf Schwarzer,https://orcid.org/0000-0002-0069-3826,https://doi.org/10.3934/medsci.2019.1.13,2019,0
Ralf Schwarzer,https://orcid.org/0000-0002-0069-3826,https://doi.org/10.3390/nu12010088,2019-12-27,1
Ralf Schwarzer,https://orcid.org/0000-0002-0069-3826,https://doi.org/10.1177/1359105317700968,2019-11,1
Ralf Schwarzer,https://orcid.org/0000-0002-0069-3826,https://doi.org/10.1016/j.appet.2019.104351,2019-11,1
Ralf Schwarzer,https://orcid.org/0000-0002-0069-3826,https://doi.org/10.1037/hea0000728,2019-07,0
Ralf Schwarzer,https://orcid.org/0000-0002-0069-3826,https://doi.org/10.1007/s10902-019-00102-0,2019-03-20,1
Ralf Schwarzer,https://orcid.org/0000-0002-0069-3826,https://doi.org/10.1016/j.lindif.2017.11.015,2018,1
Ralf Schwarzer,https://orcid.org/0000-0002-0069-3826,https://doi.org/10.1371/journal.pone.0205887,2018-10-29,1
Ralf Schwarzer,https://orcid.org/0000-0002-0069-3826,https://doi.org/10.1016/j.socscimed.2018.06.004,2018-08,1
Ralf Schwarzer,https://orcid.org/0000-0002-0069-3826,https://doi.org/10.1111/bjhp.12288,2018-05-19,1
Ralf Schwarzer,https://orcid.org/0000-0002-0069-3826,https://doi.org/10.1016/j.appet.2017.09.019,2018-01,1
Ralf Schwarzer,https://orcid.org/0000-0002-0069-3826,https://doi.org/10.2196/jmir.8814,2018-01-11,0
Ralf Schwarzer,https://orcid.org/0000-0002-0069-3826,https://doi.org/10.1016/j.apmr.2017.02.025,2017,1
Ralf Schwarzer,https://orcid.org/0000-0002-0069-3826,https://doi.org/10.1080/13548506.2017.1381339,2017,1
Ralf Schwarzer,https://orcid.org/0000-0002-0069-3826,https://doi.org/10.1080/08870446.2017.1385785,2017,1
Ralf Schwarzer,https://orcid.org/0000-0002-0069-3826,https://doi.org/10.1007/s10826-017-0893-3,2017,1
Ralf Schwarzer,https://orcid.org/0000-0002-0069-3826,https://doi.org/10.1177/1090198116648266,2017,1
Ralf Schwarzer,https://orcid.org/0000-0002-0069-3826,https://doi.org/10.1080/13803395.2017.1301392,2017,1
Ralf Schwarzer,https://orcid.org/0000-0002-0069-3826,https://doi.org/10.1016/j.jneb.2016.09.005,2017-02,1
Grzegorz Sędek,https://orcid.org/0000-0001-8932-0868,https://doi.org/10.1080/13546783.2021.1911847,2021-10-02,1
Grzegorz Sędek,https://orcid.org/0000-0001-8932-0868,https://doi.org/10.3389/fpsyg.2021.645751,2021-09-27,0
Grzegorz Sędek,https://orcid.org/0000-0001-8932-0868,https://doi.org/10.1037/pag0000239,2018-03,0
Grzegorz Sędek,https://orcid.org/0000-0001-8932-0868,https://doi.org/10.1080/02699931.2016.1170669,2017,1
Agata Anna Sobków,https://orcid.org/0000-0002-5357-744X,https://doi.org/10.24425/ppb.2021.139164,2021,0
Agata Anna Sobków,https://orcid.org/0000-0002-5357-744X,https://doi.org/10.1002/ijop.12566,2020,1
Agata Anna Sobków,https://orcid.org/0000-0002-5357-744X,https://doi.org/10.7206/dec.1733-0092.139,2020,0
Agata Anna Sobków,https://orcid.org/0000-0002-5357-744X,https://doi.org/10.3389/fpsyg.2020.582720,2020-11-19,1
Agata Anna Sobków,https://orcid.org/0000-0002-5357-744X,https://doi.org/10.1016/j.intell.2020.101452,2020-05,1
Agata Anna Sobków,https://orcid.org/0000-0002-5357-744X,https://doi.org/10.1037/xap0000207,2019,0
Agata Anna Sobków,https://orcid.org/0000-0002-5357-744X,https://doi.org/10.1017/sjp.2019.16,2019,1
Agata Anna Sobków,https://orcid.org/0000-0002-5357-744X,https://doi.org/10.1002/bdm.2132,2019-05-06,1
Agata Anna Sobków,https://orcid.org/0000-0002-5357-744X,https://doi.org/10.15678/pjoep.2018.13.04,2018,0
Agata Anna Sobków,https://orcid.org/0000-0002-5357-744X,https://doi.org/10.3389/fpsyg.2018.01203,2018-08-03,1
Joanna Sokołowska-Pohorille,https://orcid.org/0000-0001-5239-1435,https://doi.org/10.3389/fpsyg.2020.588910,2020-10-27,0
Joanna Sokołowska-Pohorille,https://orcid.org/0000-0001-5239-1435,https://doi.org/10.1089/ast.2019.2151,2020-10-01,1
Joanna Sokołowska-Pohorille,https://orcid.org/0000-0001-5239-1435,https://doi.org/10.7366/1896180020174204,2017,0
Joanna Sokołowska-Pohorille,https://orcid.org/0000-0001-5239-1435,https://doi.org/10.3389/fpsyg.2017.01844,2017-10-18,1
Joanna Sokołowska-Pohorille,https://orcid.org/0000-0001-5239-1435,https://doi.org/10.1016/j.socec.2017.09.003,2017-09-27,1
Marta Szastok,https://orcid.org/0000-0001-7674-7651,https://doi.org/10.1111/pops.12647,2020,1
Marta Szastok,https://orcid.org/0000-0001-7674-7651,https://doi.org/10.1111/josi.12307,2019,1
Dorota Daniela Szczygieł,https://orcid.org/0000-0001-9746-1505,https://doi.org/10.1007/s12144-021-01509-w,2021-03-01,1
Dorota Daniela Szczygieł,https://orcid.org/0000-0001-9746-1505,https://doi.org/10.1002/cad.20385,2020,1
Dorota Daniela Szczygieł,https://orcid.org/0000-0001-9746-1505,https://doi.org/10.18290/rpsych.2019.22.1-4,2019-11-19,0
Dorota Daniela Szczygieł,https://orcid.org/0000-0001-9746-1505,https://doi.org/10.3389/fpsyg.2018.02649,2018,1
Dorota Daniela Szczygieł,https://orcid.org/0000-0001-9746-1505,https://doi.org/10.3389/fpsyg.2018.00804,2018,1
Dorota Daniela Szczygieł,https://orcid.org/0000-0001-9746-1505,https://doi.org/10.24425/119497,2018,0
Dorota Daniela Szczygieł,https://orcid.org/0000-0001-9746-1505,https://doi.org/10.5114/cipp.2017.64490,2017,1
Dorota Daniela Szczygieł,https://orcid.org/0000-0001-9746-1505,https://doi.org/10.1016/j.paid.2017.05.051,2017,1
Beata Maria Szramka-Pawlak,https://orcid.org/0000-0001-7785-6956,https://doi.org/10.12740/pp/68948,2017,0
Beata Maria Szramka-Pawlak,https://orcid.org/0000-0001-7785-6956,https://doi.org/10.5114/ada.2017.65621,2017,1
Aleksandra Szymków-Sudziarska,https://orcid.org/0000-0002-6550-7369,https://doi.org/10.32872/spb.4389,2021-09-23,0
Aleksandra Szymków-Sudziarska,https://orcid.org/0000-0002-6550-7369,https://doi.org/10.3390/ijerph18105390,2021-05-18,1
Łukasz Lech Tanaś,https://orcid.org/0000-0001-8038-8225,https://doi.org/10.12740/pp/120939,2021-12-31,0
Łukasz Lech Tanaś,https://orcid.org/0000-0001-8038-8225,https://doi.org/10.1016/j.tsc.2021.100898,2021-09,1
Łukasz Lech Tanaś,https://orcid.org/0000-0001-8038-8225,https://doi.org/10.1016/j.cogdev.2021.101084,2021-07,0
Łukasz Lech Tanaś,https://orcid.org/0000-0001-8038-8225,https://doi.org/10.1027/2698-1866/a000007,2021-03-31,0
Łukasz Lech Tanaś,https://orcid.org/0000-0001-8038-8225,https://doi.org/10.1109/mts.2020.2967485,2020,1
Łukasz Lech Tanaś,https://orcid.org/0000-0001-8038-8225,https://doi.org/10.4467/20843879pr.20.026.13434,2020,0
Łukasz Lech Tanaś,https://orcid.org/0000-0001-8038-8225,https://doi.org/10.3389/fpsyg.2020.00259,2020,1
Jakub Traczyk,https://orcid.org/0000-0001-9145-1998,https://doi.org/10.1002/bdm.2206,2021-04-13,1
Jakub Traczyk,https://orcid.org/0000-0001-9145-1998,https://doi.org/10.1111/apps.12226,2020-09-30,1
Jakub Traczyk,https://orcid.org/0000-0001-9145-1998,https://doi.org/10.1177/0272989x19844744,2019-10-29,1
Jakub Traczyk,https://orcid.org/0000-0001-9145-1998,https://doi.org/10.1002/bdm.2100,2019-04-03,1
Jakub Traczyk,https://orcid.org/0000-0001-9145-1998,https://doi.org/10.1515/ppb-2017-0046,2017,1
Jerzy Stefan Trzebiński,https://orcid.org/0000-0003-3948-1676,https://doi.org/10.1371/journal.pone.0253729,2021-07-01,0
Jerzy Stefan Trzebiński,https://orcid.org/0000-0003-3948-1676,https://doi.org/10.1080/15325024.2021.1928430,2021-05-28,1
Jerzy Stefan Trzebiński,https://orcid.org/0000-0003-3948-1676,https://doi.org/10.1080/15325024.2020.1765098,2020-05-21,0
Jerzy Stefan Trzebiński,https://orcid.org/0000-0003-3948-1676,https://doi.org/10.1080/15325024.2019.1565145,2019-05-19,1
Anna Olimpia Waligórska,https://orcid.org/0000-0003-3736-7984,https://doi.org/10.12740/pp/99163,2019-08-31,0
Piotr Winkielman,https://orcid.org/0000-0003-2330-1802,https://doi.org/10.1016/j.actpsy.2020.103225,2021,1
Piotr Winkielman,https://orcid.org/0000-0003-2330-1802,https://doi.org/10.3390/ijerph182212100,2021-11-18,0
Piotr Winkielman,https://orcid.org/0000-0003-2330-1802,https://doi.org/10.1037/xhp0000922,2021-06,0
Piotr Winkielman,https://orcid.org/0000-0003-2330-1802,https://doi.org/10.1080/17470919.2020.1809516,2020,1
Piotr Winkielman,https://orcid.org/0000-0003-2330-1802,https://doi.org/10.1098/rspb.2019.2941rspb20192941,2020,0
Piotr Winkielman,https://orcid.org/0000-0003-2330-1802,https://doi.org/10.1037/xge0000798,2020,0
Piotr Winkielman,https://orcid.org/0000-0003-2330-1802,https://doi.org/10.1016/j.neubiorev.2020.01.020,2020,1
Piotr Winkielman,https://orcid.org/0000-0003-2330-1802,https://doi.org/10.1016/j.neubiorev.2019.11.014,2020,1
Piotr Winkielman,https://orcid.org/0000-0003-2330-1802,https://doi.org/10.1073/pnas.1912343117,2020-11-24,1
Piotr Winkielman,https://orcid.org/0000-0003-2330-1802,https://doi.org/10.1098/rspb.2019.2941,2020-05-27,1
Piotr Winkielman,https://orcid.org/0000-0003-2330-1802,https://doi.org/10.1007/s10919-019-00324-z,2020-03-13,1
Piotr Winkielman,https://orcid.org/0000-0003-2330-1802,https://doi.org/10.3389/fpsyg.2019.02589,2019-11-26,1
Piotr Winkielman,https://orcid.org/0000-0003-2330-1802,https://doi.org/10.3389/fnbot.2018.00014,2018,1
Piotr Winkielman,https://orcid.org/0000-0003-2330-1802,https://doi.org/10.1037/xlm0000446,2018,0
Piotr Winkielman,https://orcid.org/0000-0003-2330-1802,https://doi.org/10.3389/fpsyg.2017.02261,2018,1
Piotr Winkielman,https://orcid.org/0000-0003-2330-1802,https://doi.org/10.1016/j.jecp.2018.07.008,2018-12,1
Piotr Winkielman,https://orcid.org/0000-0003-2330-1802,https://doi.org/10.1098/rstb.2017.0127,2018-08-05,1
Piotr Winkielman,https://orcid.org/0000-0003-2330-1802,https://doi.org/10.1037/xhp0000304,2017,0
Piotr Winkielman,https://orcid.org/0000-0003-2330-1802,https://doi.org/10.3758/s13415-017-0503-2,2017,1
Piotr Winkielman,https://orcid.org/0000-0003-2330-1802,https://doi.org/10.1037/pspa0000083,2017,1
Piotr Winkielman,https://orcid.org/0000-0003-2330-1802,https://doi.org/10.1177/0956797617702003,2017-06-08,1
Piotr Winkielman,https://orcid.org/0000-0003-2330-1802,https://doi.org/10.3389/fpsyg.2017.00394,2017-03,1
Bogdan Stefan Wojciszke,https://orcid.org/0000-0002-6328-8043,https://doi.org/10.1080/00224499.2020.1787318,2020-08,1
Bogdan Stefan Wojciszke,https://orcid.org/0000-0002-6328-8043,https://doi.org/10.1177/1948550618765065,2019,1
Bogdan Stefan Wojciszke,https://orcid.org/0000-0002-6328-8043,https://doi.org/10.1038/s41598-018-28336-7,2018-07,1
Bogdan Stefan Wojciszke,https://orcid.org/0000-0002-6328-8043,https://doi.org/10.1515/humor-2016-0087,2017,1
Bogdan Stefan Wojciszke,https://orcid.org/0000-0002-6328-8043,https://doi.org/10.3389/fpsyg.2017.01922,2017-11,1
Bogdan Stefan Wojciszke,https://orcid.org/0000-0002-6328-8043,https://doi.org/10.1038/s41598-017-10484-x,2017-08,1
Małgorzata Maria Wójcik,https://orcid.org/0000-0002-8950-3119,https://doi.org/10.1007/s12310-021-09447-5,2021,1
Małgorzata Maria Wójcik,https://orcid.org/0000-0002-8950-3119,https://doi.org/10.1177/0886260521990835,2021,1
Małgorzata Maria Wójcik,https://orcid.org/0000-0002-8950-3119,https://doi.org/10.1177/1476750317730652,2020,1
Małgorzata Maria Wójcik,https://orcid.org/0000-0002-8950-3119,https://doi.org/10.1037/gdn0000125,2020,0
Małgorzata Maria Wójcik,https://orcid.org/0000-0002-8950-3119,https://doi.org/10.1177/0886260519880168,2019,1
Małgorzata Maria Wójcik,https://orcid.org/0000-0002-8950-3119,https://doi.org/10.24425/ppb.2019.126019,2019,0
Małgorzata Maria Wójcik,https://orcid.org/0000-0002-8950-3119,https://doi.org/10.1016/j.adolescence.2018.09.005,2018,1
Agata Magdalena Wytykowska-Kaczorek,https://orcid.org/0000-0003-1541-8699,https://doi.org/10.1016/j.paid.2020.110241,2021,1
Agata Magdalena Wytykowska-Kaczorek,https://orcid.org/0000-0003-1541-8699,https://doi.org/10.1016/j.psyneuen.2019.05.027,2019,1
Agata Magdalena Wytykowska-Kaczorek,https://orcid.org/0000-0003-1541-8699,https://doi.org/10.1080/02699931.2017.1295026,2018,1
Agata Magdalena Wytykowska-Kaczorek,https://orcid.org/0000-0003-1541-8699,https://doi.org/10.3389/fpsyg.2017.02376,2018,1
Agata Magdalena Wytykowska-Kaczorek,https://orcid.org/0000-0003-1541-8699,https://doi.org/10.1016/j.paid.2016.12.054,2017,1
Tomasz Wojciech Zaleśkiewicz,https://orcid.org/0000-0002-4232-6151,https://doi.org/10.24425/nauka.2019.126180,2019-03-01,0
Anna Maria Zalewska,https://orcid.org/0000-0002-7285-4748,https://doi.org/10.13075/mp.5893.00908,2020-01-20,0
Anna Maria Zalewska,https://orcid.org/0000-0002-7285-4748,https://doi.org/10.2224/sbp.7376,2019-01-23,1
Anna Maria Zalewska,https://orcid.org/0000-0002-7285-4748,https://doi.org/10.14691/cppj.24.3.469,2018,0
Anna Maria Zalewska,https://orcid.org/0000-0002-7285-4748,https://doi.org/10.1002/ijop.12414,2018-11-04,1
Anna Maria Zalewska,https://orcid.org/0000-0002-7285-4748,https://doi.org/10.24425/119484,2018-06,0
Anna Maria Zalewska,https://orcid.org/0000-0002-7285-4748,https://doi.org/10.24425/119480,2018-06,0
Anna Maria Zalewska,https://orcid.org/0000-0002-7285-4748,https://doi.org/10.1386/ctl.12.2.227_1,2017,0
Anna Maria Zalewska,https://orcid.org/0000-0002-7285-4748,https://doi.org/10.1386/ctl.12.2.171_1,2017,0
Anna Maria Zalewska,https://orcid.org/0000-0002-7285-4748,https://doi.org/10.1386/ctl.12.2.151_1,2017,0
Anna Maria Zalewska,https://orcid.org/0000-0002-7285-4748,https://doi.org/10.1007/s10902-016-9777-2,2017,1
Anna Maria Zalewska,https://orcid.org/0000-0002-7285-4748,https://doi.org/10.1386/ctl.12.2.141_1,2017,0
Karolina Zalewska-Łunkiewicz,https://orcid.org/0000-0002-5130-8510,https://doi.org/10.1016/j.pec.2021.07.007,2021-07,0
Karolina Zalewska-Łunkiewicz,https://orcid.org/0000-0002-5130-8510,https://doi.org/10.6084/m9.figshare.7149152,2018,0
Karolina Zalewska-Łunkiewicz,https://orcid.org/0000-0002-5130-8510,https://doi.org/10.15557/pipk.2018.0044,2018,0
Karolina Zalewska-Łunkiewicz,https://orcid.org/0000-0002-5130-8510,https://doi.org/10.14691/cppj.24.2.307,2018,0
Karolina Zarychta-Zajączkowska,https://orcid.org/0000-0003-2072-0841,https://doi.org/10.1007/s40519-019-00722-8,2020-08-07,1
Karolina Zarychta-Zajączkowska,https://orcid.org/0000-0003-2072-0841,https://doi.org/10.1016/j.appet.2019.104335,2019-10,1
Karolina Zarychta-Zajączkowska,https://orcid.org/0000-0003-2072-0841,https://doi.org/10.1371/journal.pone.0224503,2019-10-31,1
Karolina Zarychta-Zajączkowska,https://orcid.org/0000-0003-2072-0841,https://doi.org/10.1111/aphw.12145,2019-03,1
Karolina Zarychta-Zajączkowska,https://orcid.org/0000-0003-2072-0841,https://doi.org/10.1007/s40519-018-0496-z,2018-03-08,1
Karolina Zarychta-Zajączkowska,https://orcid.org/0000-0003-2072-0841,https://doi.org/10.1186/s12888-017-1328-9,2017-04,1
Mateusz Piotr Zatorski,https://orcid.org/0000-0002-0043-0815,https://doi.org/10.1016/j.transproceed.2018.04.054,2018,1
Mateusz Piotr Zatorski,https://orcid.org/0000-0002-0043-0815,https://doi.org/10.1515/ppb-2017-0044,2017,0
Elżbieta Zdankiewicz-Ścigała,https://orcid.org/0000-0002-8275-2585,https://doi.org/10.3390/ijerph18042164,2021,1
Elżbieta Zdankiewicz-Ścigała,https://orcid.org/0000-0002-8275-2585,https://doi.org/10.3389/fpsyg.2019.02957,2020,1
Elżbieta Zdankiewicz-Ścigała,https://orcid.org/0000-0002-8275-2585,https://doi.org/10.5604/01.3001.0012.8286,2019,0
Elżbieta Zdankiewicz-Ścigała,https://orcid.org/0000-0002-8275-2585,https://doi.org/10.3389/fpsyg.2019.01575,2019,1
Elżbieta Zdankiewicz-Ścigała,https://orcid.org/0000-0002-8275-2585,https://doi.org/10.5604/01.3001.0012.4751,2018,0
Elżbieta Zdankiewicz-Ścigała,https://orcid.org/0000-0002-8275-2585,https://doi.org/10.15557/pipk.2018.0032,2018,0
Elżbieta Zdankiewicz-Ścigała,https://orcid.org/0000-0002-8275-2585,https://doi.org/10.3389/fpsyg.2018.02039,2018,1
Elżbieta Zdankiewicz-Ścigała,https://orcid.org/0000-0002-8275-2585,https://doi.org/10.24425/124343,2018,0
Elżbieta Zdankiewicz-Ścigała,https://orcid.org/0000-0002-8275-2585,https://doi.org/10.1016/j.transproceed.2018.04.057,2018,1
Elżbieta Zdankiewicz-Ścigała,https://orcid.org/0000-0002-8275-2585,https://doi.org/10.5114/ppn.2018.78714,2018,1
Elżbieta Zdankiewicz-Ścigała,https://orcid.org/0000-0002-8275-2585,https://doi.org/10.3389/fpsyg.2018.01570,2018,1
Mariusz Zięba,https://orcid.org/0000-0002-3492-2236,https://doi.org/10.18290/rpsych21242-2,2021,0
Mariusz Zięba,https://orcid.org/0000-0002-3492-2236,https://doi.org/10.1371/journal.pone.0261384,2021-12-15,0
Mariusz Zięba,https://orcid.org/0000-0002-3492-2236,https://doi.org/10.1002/cpp.2601,2021-05,1
Mariusz Zięba,https://orcid.org/0000-0002-3492-2236,https://doi.org/10.1007/s12144-021-01739-y,2021-04-22,1
Mariusz Zięba,https://orcid.org/0000-0002-3492-2236,https://doi.org/10.1016/j.paid.2020.110222,2020-07,1
Mariusz Zięba,https://orcid.org/0000-0002-3492-2236,https://doi.org/10.3389/fpsyg.2019.00687,2019,1
Mariusz Zięba,https://orcid.org/0000-0002-3492-2236,https://doi.org/10.24425/119479,2018-06-15,0
Justyna Mirosława Ziółkowska,https://orcid.org/0000-0001-8828-6047,https://doi.org/10.1080/07481187.2017.1332910,2017,1
Justyna Mirosława Ziółkowska,https://orcid.org/0000-0001-8828-6047,https://doi.org/10.1080/17405904.2016.1250650,2017,1
Jolanta Grażyna Życińska,https://orcid.org/0000-0002-1761-7328,https://doi.org/10.1007/s12144-019-0145-3,2019,1
Jolanta Grażyna Życińska,https://orcid.org/0000-0002-1761-7328,https://doi.org/10.5604/01.3001.0012.1164,2018,0
Jolanta Grażyna Życińska,https://orcid.org/0000-0002-1761-7328,https://doi.org/10.14691/cppj.24.1.79,2018,0
Dariusz Dolinski,https://orcid.org/0000-0002-4225-4258,https://doi.org/10.1080/01973533.2020.1837134,2021,1
Dariusz Dolinski,https://orcid.org/0000-0002-4225-4258,https://doi.org/10.32872/spb.6525,2021,0
Dariusz Dolinski,https://orcid.org/0000-0002-4225-4258,https://doi.org/10.1371/journal.pone.0261648,2021-12-30,0
Dariusz Dolinski,https://orcid.org/0000-0002-4225-4258,https://doi.org/10.3390/vaccines9080933,2021-08,0
Dariusz Dolinski,https://orcid.org/0000-0002-4225-4258,https://doi.org/10.5114/hpr.2020.96895,2020,0
Dariusz Dolinski,https://orcid.org/0000-0002-4225-4258,https://doi.org/10.1080/01973533.2019.1695615,2020,1
Dariusz Dolinski,https://orcid.org/0000-0002-4225-4258,https://doi.org/10.1007/s10055-019-00423-8,2020,1
Dariusz Dolinski,https://orcid.org/0000-0002-4225-4258,https://doi.org/10.1007/s12144-017-9626-4,2019,1
Dariusz Dolinski,https://orcid.org/0000-0002-4225-4258,https://doi.org/10.1080/00224545.2018.1505708,2019,1
Dariusz Dolinski,https://orcid.org/0000-0002-4225-4258,https://doi.org/10.1007/s12144-017-9729-y,2019,1
Dariusz Dolinski,https://orcid.org/0000-0002-4225-4258,https://doi.org/10.1016/j.aap.2018.03.007,2018,1
Dariusz Dolinski,https://orcid.org/0000-0002-4225-4258,https://doi.org/10.1016/j.paid.2017.08.032,2018,1
Dariusz Dolinski,https://orcid.org/0000-0002-4225-4258,https://doi.org/10.1016/j.actpsy.2018.04.012,2018,1
Dariusz Dolinski,https://orcid.org/0000-0002-4225-4258,https://doi.org/10.3389/fpsyg.2018.01519,2018,1
Dariusz Dolinski,https://orcid.org/0000-0002-4225-4258,https://doi.org/10.5964/spb.v13i2.25025,2018,0
Dariusz Dolinski,https://orcid.org/0000-0002-4225-4258,https://doi.org/10.1080/07399332.2018.1458852,2018,1
Dariusz Dolinski,https://orcid.org/0000-0002-4225-4258,https://doi.org/10.5964/spb.v13i2.26133,2018,0
Dariusz Dolinski,https://orcid.org/0000-0002-4225-4258,https://doi.org/10.3389/fpsyg.2017.01632,2017,1
Dariusz Dolinski,https://orcid.org/0000-0002-4225-4258,https://doi.org/10.3389/fpsyg.2017.00114,2017,1
Dariusz Dolinski,https://orcid.org/0000-0002-4225-4258,https://doi.org/10.1016/j.paid.2017.06.030,2017,1
Dariusz Dolinski,https://orcid.org/0000-0002-4225-4258,https://doi.org/10.5334/pb.397,2017,0
Dariusz Dolinski,https://orcid.org/0000-0002-4225-4258,https://doi.org/10.1177/1948550617693060,2017,1
Dariusz Dolinski,https://orcid.org/0000-0002-4225-4258,https://doi.org/10.1016/j.erap.2017.02.003,2017,1
Aleksandra Łuszczyńska,https://orcid.org/0000-0002-4704-9544,https://doi.org/10.1037/hea0001124,2021,0
Aleksandra Łuszczyńska,https://orcid.org/0000-0002-4704-9544,https://doi.org/10.1007/s12529-021-10012-2,2021,0
Aleksandra Łuszczyńska,https://orcid.org/0000-0002-4704-9544,https://doi.org/10.1016/j.adolescence.2021.02.008,2021,1
Aleksandra Łuszczyńska,https://orcid.org/0000-0002-4704-9544,https://doi.org/10.1080/17437199.2020.1844037,2021,1
Aleksandra Łuszczyńska,https://orcid.org/0000-0002-4704-9544,https://doi.org/10.1186/s12889-021-11822-5,2021,0
Aleksandra Łuszczyńska,https://orcid.org/0000-0002-4704-9544,https://doi.org/10.1249/01.mss.0000677184.87047.54,2020,0
Aleksandra Łuszczyńska,https://orcid.org/0000-0002-4704-9544,https://doi.org/10.1136/bmjopen-2020-040183,2020,1
Aleksandra Łuszczyńska,https://orcid.org/0000-0002-4704-9544,https://doi.org/10.1186/s13063-019-4014-z,2020-12,1
Aleksandra Łuszczyńska,https://orcid.org/0000-0002-4704-9544,https://doi.org/10.1016/j.psychsport.2020.101710,2020-07,1
Aleksandra Łuszczyńska,https://orcid.org/0000-0002-4704-9544,https://doi.org/10.1024/1662-9647/a000229,2020-05-29,0
Aleksandra Łuszczyńska,https://orcid.org/0000-0002-4704-9544,https://doi.org/10.1016/j.foodpol.2020.101873,2020-03,1
Aleksandra Łuszczyńska,https://orcid.org/0000-0002-4704-9544,https://doi.org/10.1080/17437199.2019.1707105,2020-01-02,1
Aleksandra Łuszczyńska,https://orcid.org/0000-0002-4704-9544,https://doi.org/10.1037/hea0000799.supp,2019,0
Aleksandra Łuszczyńska,https://orcid.org/0000-0002-4704-9544,https://doi.org/10.1111/aphw.12166,2019-11,1
Aleksandra Łuszczyńska,https://orcid.org/0000-0002-4704-9544,https://doi.org/10.1007/s11469-018-9973-x,2019-08,1
Aleksandra Łuszczyńska,https://orcid.org/0000-0002-4704-9544,https://doi.org/10.1186/s12889-018-5818-6,2018,1
Aleksandra Łuszczyńska,https://orcid.org/0000-0002-4704-9544,https://doi.org/10.3389/fpsyg.2017.02359,2018,1
Aleksandra Łuszczyńska,https://orcid.org/0000-0002-4704-9544,https://doi.org/10.1016/j.appet.2018.07.011,2018,1
Aleksandra Łuszczyńska,https://orcid.org/0000-0002-4704-9544,https://doi.org/10.5114/hpr.2018.77804,2018,0
Aleksandra Łuszczyńska,https://orcid.org/0000-0002-4704-9544,https://doi.org/10.2196/mental.9449,2018,0
Aleksandra Łuszczyńska,https://orcid.org/0000-0002-4704-9544,https://doi.org/10.1111/bjhp.12305,2018-09,1
Aleksandra Łuszczyńska,https://orcid.org/0000-0002-4704-9544,https://doi.org/10.1002/oby.22226,2018-08,1
Aleksandra Łuszczyńska,https://orcid.org/0000-0002-4704-9544,https://doi.org/10.1002/smi.2727,2017,1
Aleksandra Łuszczyńska,https://orcid.org/0000-0002-4704-9544,https://doi.org/10.1136/jech-2017-ssmabstracts.159,2017,1
Aleksandra Łuszczyńska,https://orcid.org/0000-0002-4704-9544,https://doi.org/10.1037/hea0000423,2017,1
Aleksandra Łuszczyńska,https://orcid.org/0000-0002-4704-9544,https://doi.org/10.1016/j.psychsport.2017.07.011,2017,1
Aleksandra Łuszczyńska,https://orcid.org/0000-0002-4704-9544,https://doi.org/10.1186/s12889-017-4929-9,2017,1
Aleksandra Łuszczyńska,https://orcid.org/0000-0002-4704-9544,https://doi.org/10.1016/j.socscimed.2017.07.025,2017,1
John Nezlek,https://orcid.org/0000-0003-4963-3637,https://doi.org/10.1177/0146167220980882,2021,1
John Nezlek,https://orcid.org/0000-0003-4963-3637,https://doi.org/10.1177/21676968211054596,2021-10-28,0
John Nezlek,https://orcid.org/0000-0003-4963-3637,https://doi.org/10.1007/s10943-020-01079-4,2021-10-02,1
John Nezlek,https://orcid.org/0000-0003-4963-3637,https://doi.org/10.1515/humor-2020-0073,2021-02-23,1
John Nezlek,https://orcid.org/0000-0003-4963-3637,https://doi.org/10.32872/spb.2679,2020,0
John Nezlek,https://orcid.org/0000-0003-4963-3637,https://doi.org/10.1037/ebs0000201,2020,0
John Nezlek,https://orcid.org/0000-0003-4963-3637,https://doi.org/10.1016/j.foodqual.2018.11.007,2020,1
John Nezlek,https://orcid.org/0000-0003-4963-3637,https://doi.org/10.1016/j.cofs.2020.02.005,2020,1
John Nezlek,https://orcid.org/0000-0003-4963-3637,https://doi.org/10.1515/humor-2019-0011,2020,1
John Nezlek,https://orcid.org/0000-0003-4963-3637,https://doi.org/10.1080/17439760.2020.1738537,2020,1
John Nezlek,https://orcid.org/0000-0003-4963-3637,https://doi.org/10.1016/j.cofs.2019.12.005,2020,1
John Nezlek,https://orcid.org/0000-0003-4963-3637,https://doi.org/10.1080/17439760.2020.1832248,2020,1
John Nezlek,https://orcid.org/0000-0003-4963-3637,https://doi.org/10.1016/j.paid.2017.06.039,2019,1
John Nezlek,https://orcid.org/0000-0003-4963-3637,https://doi.org/10.1080/1047840x.2019.1693867,2019,1
John Nezlek,https://orcid.org/0000-0003-4963-3637,https://doi.org/10.1080/03670244.2019.1641801,2019,1
John Nezlek,https://orcid.org/0000-0003-4963-3637,https://doi.org/10.1037/pspp0000141,2018,1
John Nezlek,https://orcid.org/0000-0003-4963-3637,https://doi.org/10.1080/03670244.2018.1536657,2018,1
John Nezlek,https://orcid.org/0000-0003-4963-3637,https://doi.org/10.1080/00224545.2017.1305326,2018,1
John Nezlek,https://orcid.org/0000-0003-4963-3637,https://doi.org/10.1111/jopy.12321,2018,1
John Nezlek,https://orcid.org/0000-0003-4963-3637,https://doi.org/10.1080/03670244.2018.1455675,2018,1
John Nezlek,https://orcid.org/0000-0003-4963-3637,https://doi.org/10.1080/17439760.2016.1198923,2017,1
John Nezlek,https://orcid.org/0000-0003-4963-3637,https://doi.org/10.1016/j.jrp.2016.06.020,2017,1
John Nezlek,https://orcid.org/0000-0003-4963-3637,https://doi.org/10.1016/j.jrp.2016.06.005,2017,1
