,Article_ID,Unnamed: 0.1,Unnamed: 0,name,orcid,doi,title,date,journal,filename,correct_doi,length,contains_doi,path
11,10-1002_acp-3687,133,133,Łukasz Piotr Okruszek,https://orcid.org/0000-0002-7136-2864,https://doi.org/10.1002/acp.3687,Do you believe what you have been told? Morality and scientific literacy as predictors of pseudoscience susceptibility,2020-09,Applied Cognitive Psychology,Łukasz_Piotr_Okruszek_8,False,35.0,False,D:\data\ranking\pdfs\v1\10-1002_acp-3687.pdf
73,10-1002_j-1681-4835-2013-tb00402-x,169,169,Jolanta Kowal,https://orcid.org/0000-0002-6241-9603,https://doi.org/10.1002/j.1681-4835.2013.tb00402.x,Information and communication technology management for global competitiveness and economic growth in emerging economies,2017-12-05,Electronic Journal of Information Systems in Developing Countries,Jolanta_Kowal_10,False,12.0,False,D:\data\ranking\pdfs\v1\10-1002_j-1681-4835-2013-tb00402-x.pdf
100,10-1002_pon-4619,559,559,Aleksandra Karolina Kroemeke,https://orcid.org/0000-0001-8707-742X,https://doi.org/10.1002/pon.4619,Psychophysical well-being profiles in patients before hematopoietic stem cell transplantation,2018,Psycho-Oncology,Aleksandra_Karolina_Kroemeke_12,False,20.0,False,D:\data\ranking\pdfs\v1\10-1002_pon-4619.pdf
207,10-1007_s10943-020-01107-3#citeas,97,97,Dariusz Krok,https://orcid.org/0000-0002-1034-0944,https://doi.org/10.1007/s10943-020-01107-3#citeas,Disclosure to God as a Mediator Between Private Prayer and Psychological Well‑Being in a Christian Sample,2021-03-27,Journal of Religion and Health,Dariusz_Krok_6,False,13.0,True,D:\data\ranking\pdfs\v1\10-1007_s10943-020-01107-3#citeas.pdf
454,10-1016_j-brs-2017-01-437,492,492,Michał Wierzchoń,https://orcid.org/0000-0002-7347-2696,https://doi.org/10.1016/j.brs.2017.01.437,The neural basis of visual sensitivity investigated with anterior prefrontal TMS,2017-03,Brain Stimulation,Michał_Wierzchoń_25,False,1.0,False,D:\data\ranking\pdfs\v1\10-1016_j-brs-2017-01-437.pdf
576,10-1016_j-foodqual-2020-104111,230,230,Marzena Aneta Cypryańska-Nezlek,https://orcid.org/0000-0001-9234-5628,https://doi.org/10.1016/j.foodqual.2020.104111,Approach and avoidance motivation and interest in new foods: Introducing a measure of the motivation to eat new foods,2021,Food Quality and Preference,Marzena_Aneta_Cypryańska-Nezlek_1,False,8.0,True,D:\data\ranking\pdfs\v1\10-1016_j-foodqual-2020-104111.pdf
587,10-1016_j-ijpsycho-2017-04-006-,328,328,Tomasz Sebastian Oleksy,https://orcid.org/0000-0002-3499-9874,https://doi.org/10.1016/j.ijpsycho.2017.04.006.,Patterns of brain and cardiovascular activation while solving rule-discovery and rule-application numeric tasks,2017,INTERNATIONAL JOURNAL OF PSYCHOPHYSIOLOGY,Tomasz_Sebastian_Oleksy_14,False,10.0,True,D:\data\ranking\pdfs\v1\10-1016_j-ijpsycho-2017-04-006-.pdf
671,10-1016_j-jpeds-2017-12-082,123,123,Ewa Maria Haman,https://orcid.org/0000-0003-1615-711X,https://doi.org/10.1016/j.jpeds.2017.12.082,English language acquisition is delayed in bilingual homes,2018-03,The Journal of Pediatrics,Ewa_Maria_Haman_10,False,4.0,True,D:\data\ranking\pdfs\v1\10-1016_j-jpeds-2017-12-082.pdf
689,10-1016_j-jsxm-2017-04-404,449,449,Katarzyna Anna Grunt-Mejer,https://orcid.org/0000-0001-5679-5322,https://doi.org/10.1016/j.jsxm.2017.04.404,"Polish Sexual Education for Teenagers: The Gendered Discourse of Moral, Psychological and Health Risk",2017-05,The Journal of Sexual Medicine,Katarzyna_Anna_Grunt-Mejer_6,False,1.0,True,D:\data\ranking\pdfs\v1\10-1016_j-jsxm-2017-04-404.pdf
697,10-1016_j-mehy-2020-110435,296,296,Joanna Eulalia Dudek,https://orcid.org/0000-0002-7114-8884,https://doi.org/10.1016/j.mehy.2020.110435,Ketogenic diet as a potential intervention for lipedema,2021-01,Medical Hypotheses,Joanna_Eulalia_Dudek_2,False,7.0,True,D:\data\ranking\pdfs\v1\10-1016_j-mehy-2020-110435.pdf
833,10-1016_j-paid-2020-110544,10,10,Jan Cieciuch,https://orcid.org/0000-0002-2291-8301,https://doi.org/10.1016/j.paid.2020.110544,Higher-order factors of the Big Six – Similarities between Big Twos identified above the Big Five and the Big Six,2021-03,Personality and Individual Differences,Jan_Cieciuch_12,False,8.0,True,D:\data\ranking\pdfs\v1\10-1016_j-paid-2020-110544.pdf
943,10-1016_s2215-0366(17)30363-2,45,45,Jacek Janusz Gierus,https://orcid.org/0000-0003-2532-3327,https://doi.org/10.1016/s2215-0366(17)30363-2,Institutional discrimination against psychiatric patients in Poland,2017,The Lancet Psychiatry,Jacek_Janusz_Gierus_21,False,1.0,False,D:\data\ranking\pdfs\v1\10-1016_s2215-0366(17)30363-2.pdf
976,10-1038_543481a,380,380,Piotr Sorokowski,https://orcid.org/0000-0001-9225-9965,https://doi.org/10.1038/543481a,Predatory journals recruit fake editor,2017,Nature,Piotr_Sorokowski_28,False,3.0,False,D:\data\ranking\pdfs\v1\10-1038_543481a.pdf
1327,10-1093_ecco-jcc_jjy222-771,4,4,Małgorzata Basińska,https://orcid.org/0000-0002-6763-8012,https://doi.org/10.1093/ecco-jcc/jjy222.771,P647 A pilot study: The importance of cognitive flexibility and flexibility in coping with stress for the quality of life in inflammatory bowel disease patients during biological therapy,2019,Journal of Crohn's and Colitis,Małgorzata_Basińska_5,False,1.0,False,D:\data\ranking\pdfs\v1\10-1093_ecco-jcc_jjy222-771.pdf
1335,10-1093_schbul_sbaa030-377,2,2,Aleksandra Izabela Arciszewska-Leszczuk,https://orcid.org/0000-0002-1762-3963,https://doi.org/10.1093/schbul/sbaa030.377,M65. INTERPLAY OF TRAIT RESILIENCE WITH NEUROCOGNITIVE FUNCTIONING AND PERSONALITY CHARACTERISTICS IN YOUNG PEOPLE WITH PUTATIVE ‘AT RISK MENTAL STATE’,2020-05-18,Schizophrenia Bulletin,Aleksandra_Izabela_Arciszewska-Leszczuk_3,False,2.0,False,D:\data\ranking\pdfs\v1\10-1093_schbul_sbaa030-377.pdf
1338,10-1093_schbul_sbx023-078,306,306,Natasza Orlov,https://orcid.org/0000-0002-5560-2629,https://doi.org/10.1093/schbul/sbx023.078,Functional MRI Study of Frontal TDCS In Schizophrenia,2017-03-20,SCHIZOPHRENIA BULLETIN,Natasza_Orlov_14,False,2.0,False,D:\data\ranking\pdfs\v1\10-1093_schbul_sbx023-078.pdf
1346,10-1097_wnn-0000000000000142,236,236,Michał Harciarek,https://orcid.org/0000-0001-8289-8878,https://doi.org/10.1097/wnn.0000000000000142,Leftward Bias of Visual Attention in Patients with End-Stage Renal Disease Receiving Dialysis: A Neglected Phenomenon,2017,Cognitive and Behavioral Neurology,Michał_Harciarek_19,False,6.0,False,D:\data\ranking\pdfs\v1\10-1097_wnn-0000000000000142.pdf
1347,10-1097_wnn-0000000000000221,370,370,Aleksandra Mańkowska,https://orcid.org/0000-0002-5422-1541,https://doi.org/10.1097/wnn.0000000000000221,Upper Vertical Spatial Neglect with A Right Temporal Lobe Stroke,2020,Cognitive and Behavioral Neurology,Aleksandra_Mańkowska_3,False,4.0,True,D:\data\ranking\pdfs\v1\10-1097_wnn-0000000000000221.pdf
1348,10-1097_wnn-0000000000000232,222,222,Michał Harciarek,https://orcid.org/0000-0001-8289-8878,https://doi.org/10.1097/wnn.0000000000000232,Feeling and Looking Down: Impact of Depressive Symptoms on the Allocation of Vertical Attention,2020,Cognitive and Behavioral Neurology,Michał_Harciarek_5,False,8.0,False,D:\data\ranking\pdfs\v1\10-1097_wnn-0000000000000232.pdf
1377,10-1111_1756-185x-12738,11,11,Katarzyna Adamczyk,https://orcid.org/0000-0002-7612-8380,https://doi.org/10.1111/1756-185x.12738,The Pediatric Outcomes Data Collection Instrument for a Polish sample with juvenile idiopathic arthritis: psychometric properties of proxy version,2017,International Journal of Rheumatic Diseases,Katarzyna_Adamczyk_12,False,9.0,False,D:\data\ranking\pdfs\v1\10-1111_1756-185x-12738.pdf
1381,10-1111_add-15155,121,121,Katarzyna Kucharska,https://orcid.org/0000-0002-6130-0520,https://doi.org/10.1111/add.15155,Prevalence of alcohol use disorder among individuals who binge eat: a systematic review and meta‐analysis,2021-01,Addiction,Katarzyna_Kucharska_7,False,35.0,True,D:\data\ranking\pdfs\v1\10-1111_add-15155.pdf
1382,10-1111_add-15272,80,80,Mateusz Kazimierz Gola,https://orcid.org/0000-0002-9691-1102,https://doi.org/10.1111/add.15272,"Frequency of use, moral incongruence and religiosity and their relationships with self‐perceived addiction to pornography, internet use, social networking and online gaming",2021-04-06,Addiction,Mateusz_Kazimierz_Gola_1,False,17.0,False,D:\data\ranking\pdfs\v1\10-1111_add-15272.pdf
1515,10-1159_000464377,449,449,Piotr Krzysztof Walecki,https://orcid.org/0000-0002-5544-2514,https://doi.org/10.1159/000464377,Cluster analysis applied to classify saccadic parameters in Alzheimer's Disease and Parkinson Disease.,2017,Neurodegener. Dis. (Print),Piotr_Krzysztof_Walecki_7,False,2.0,False,D:\data\ranking\pdfs\v1\10-1159_000464377.pdf
1695,10-1186_s13104-019-4810-2,213,213,Monika Wiłkość-Dębczyńska,https://orcid.org/0000-0002-0094-7793,https://doi.org/10.1186/s13104-019-4810-2,Efects of virtual reality-based cognitive training in older adults living without and with mild dementia: a pretest-posttest design pilot study,2019,BMC Research Notes,Monika_Wiłkość-Dębczyńska_8,False,8.0,True,D:\data\ranking\pdfs\v1\10-1186_s13104-019-4810-2.pdf
1696,10-1186_s13104-020-05432-4,796,796,Marta Anna Roczniewska,https://orcid.org/0000-0003-0815-1455 ,https://doi.org/10.1186/s13104-020-05432-4,Social purpose in an organization from the perspective of an employee: a self-determination outlook on the meaning of work,2021-12,BMC Research Notes,Marta_Anna_Roczniewska_2,False,6.0,True,D:\data\ranking\pdfs\v1\10-1186_s13104-020-05432-4.pdf
1703,10-1192_j-eurpsy-2020-28,120,120,Bartosz Helfer,https://orcid.org/0000-0001-9863-2871,https://doi.org/10.1192/j.eurpsy.2020.28,The key role of daytime sleepiness in cognitive functioning of adults with attention deficit hyperactivity disorder,2020-03-05,European Psychiatry,Bartosz_Helfer_6,False,22.0,False,D:\data\ranking\pdfs\v1\10-1192_j-eurpsy-2020-28.pdf
1705,10-1192_j-eurpsy-2020-68,119,119,Bartosz Helfer,https://orcid.org/0000-0001-9863-2871,https://doi.org/10.1192/j.eurpsy.2020.68,Lateralization of attention in adults with ADHD: Evidence of pseudoneglect,2020-06-29,European Psychiatry,Bartosz_Helfer_5,False,22.0,False,D:\data\ranking\pdfs\v1\10-1192_j-eurpsy-2020-68.pdf
1723,10-1371_journal-pone-0205566,830,830,Katarzyna Julia Samson,https://orcid.org/0000-0003-0248-8233,https://doi.org/10.1371/journal.pone.0205566,Trust as a mechanism of system justification,2018-10-12,PLOS ONE,Katarzyna_Julia_Samson_3,False,22.0,False,D:\data\ranking\pdfs\v1\10-1371_journal-pone-0205566.pdf
1724,10-1371_journal-pone-0205887,845,845,Ralf Schwarzer,https://orcid.org/0000-0002-0069-3826,https://doi.org/10.1371/journal.pone.0205887,Couples' daily self-regulation: The Health Action Process Approach at the dyadic level,2018-10-29,PLOS ONE,Ralf_Schwarzer_13,False,16.0,False,D:\data\ranking\pdfs\v1\10-1371_journal-pone-0205887.pdf
1725,10-1371_journal-pone-0205991,362,362,Marta Łockiewicz,https://orcid.org/0000-0002-7461-8503,https://doi.org/10.1371/journal.pone.0205991,How different are parents and educators? A comparative study of interactive differences between parents and educators in a collaborative adult-child activity,2018-11-14,PLOS ONE,Marta_Łockiewicz_13,False,15.0,False,D:\data\ranking\pdfs\v1\10-1371_journal-pone-0205991.pdf
1726,10-1371_journal-pone-0209620,166,166,Katarzyna Byrka,https://orcid.org/0000-0003-4220-4063,https://doi.org/10.1371/journal.pone.0209620,Conformity in numbers—Does criticality in social responses exist?,2018,PLoS ONE,Katarzyna_Byrka_16,False,18.0,False,D:\data\ranking\pdfs\v1\10-1371_journal-pone-0209620.pdf
1727,10-1371_journal-pone-0212730,39,39,Krystian Barzykowski,https://orcid.org/0000-0003-4016-3966,https://doi.org/10.1371/journal.pone.0212730,The Cross-Cultural Competence Inventory: Validity and psychometric properties of the Polish adaptation,2019-03-07,PLOS ONE,Krystian_Barzykowski_17,False,21.0,False,D:\data\ranking\pdfs\v1\10-1371_journal-pone-0212730.pdf
1728,10-1371_journal-pone-0213026,38,38,Krystian Barzykowski,https://orcid.org/0000-0003-4016-3966,https://doi.org/10.1371/journal.pone.0213026,Testing the ego-depletion effect in optimized conditions,2019-03-07,PLOS ONE,Krystian_Barzykowski_16,False,15.0,False,D:\data\ranking\pdfs\v1\10-1371_journal-pone-0213026.pdf
1729,10-1371_journal-pone-0213183,65,65,Olga Aleksandra Białobrzeska,https://orcid.org/0000-0002-0387-3187,https://doi.org/10.1371/journal.pone.0213183,Manipulated taking the agent versus the recipient perspective seems not to affect the relationship between agency-communion and self-esteem: A small-scale meta-analysis,2019-02-28,PLOS ONE,Olga_Aleksandra_Białobrzeska_3,False,23.0,False,D:\data\ranking\pdfs\v1\10-1371_journal-pone-0213183.pdf
1730,10-1371_journal-pone-0214396,503,506,Katarzyna Sekścińska,https://orcid.org/0000-0002-6641-6506,https://doi.org/10.1371/journal.pone.0214396,You don’t have to be rich to save money: On the relationship between objective versus subjective financial situation and having savings,2019,PLoS One,Katarzyna_Sekścińska_4,False,15.0,False,D:\data\ranking\pdfs\v1\10-1371_journal-pone-0214396.pdf
1731,10-1371_journal-pone-0215348,117,117,Klaudia Ewa Modlińska,https://orcid.org/0000-0002-2161-9019,https://doi.org/10.1371/journal.pone.0215348,Volumes of brain structures in captive wild-type and laboratory rats: 7T magnetic resonance in vivo automatic atlas-based study,2019-04-11,PLOS ONE,Klaudia_Ewa_Modlińska_10,False,18.0,False,D:\data\ranking\pdfs\v1\10-1371_journal-pone-0215348.pdf
1732,10-1371_journal-pone-0216919,184,184,Norbert Ernest Maliszewski,https://orcid.org/0000-0001-6901-9509,https://doi.org/10.1371/journal.pone.0216919,Influence of sexual appeal in roadside advertising on drivers’ attention and driving behavior,2019-05-16,PLOS ONE,Norbert_Ernest_Maliszewski_1,False,17.0,False,D:\data\ranking\pdfs\v1\10-1371_journal-pone-0216919.pdf
1733,10-1371_journal-pone-0219760,105,105,Tomasz Frąckowiak,https://orcid.org/0000-0002-0244-2879,https://doi.org/10.1371/journal.pone.0219760,Community size and perception of older adults in the Cook Islands,2019-07-17,PLOS ONE,Tomasz_Frąckowiak_10,False,6.0,False,D:\data\ranking\pdfs\v1\10-1371_journal-pone-0219760.pdf
1734,10-1371_journal-pone-0220606,134,134,Paweł Kleka,https://orcid.org/0000-0003-0841-0015,https://doi.org/10.1371/journal.pone.0220606,The accuracy of lung auscultation in the practice of physicians and medical students,2019-08,PLOS ONE,Paweł_Kleka_19,False,16.0,False,D:\data\ranking\pdfs\v1\10-1371_journal-pone-0220606.pdf
1735,10-1371_journal-pone-0220611,119,119,Ewa Maria Haman,https://orcid.org/0000-0003-1615-711X,https://doi.org/10.1371/journal.pone.0220611,"Age of acquisition of 299 words in seven languages: American English, Czech, Gaelic, Lebanese Arabic, Malay, Persian and Western Armenian",2019-08-08,PLOS ONE,Ewa_Maria_Haman_6,False,19.0,False,D:\data\ranking\pdfs\v1\10-1371_journal-pone-0220611.pdf
1736,10-1371_journal-pone-0221896,12,12,Anna Teresa Bokszczanin,https://orcid.org/0000-0002-0499-8133,https://doi.org/10.1371/journal.pone.0221896,"European public perceptions of homelessness: A knowledge, attitudes and practices survey",2019,PLoS ONE,Anna_Teresa_Bokszczanin_8,False,16.0,False,D:\data\ranking\pdfs\v1\10-1371_journal-pone-0221896.pdf
1737,10-1371_journal-pone-0222492,234,234,Marzena Aneta Cypryańska-Nezlek,https://orcid.org/0000-0001-9234-5628,https://doi.org/10.1371/journal.pone.0222492,An international survey of perceptions of the 2014 FIFA World Cup: National levels of corruption as a context for perceptions of institutional corruption,2019,PLoS ONE,Marzena_Aneta_Cypryańska-Nezlek_5,False,19.0,False,D:\data\ranking\pdfs\v1\10-1371_journal-pone-0222492.pdf
1738,10-1371_journal-pone-0224503,1053,1053,Karolina Zarychta-Zajączkowska,https://orcid.org/0000-0003-2072-0841,https://doi.org/10.1371/journal.pone.0224503,Links between meaning in life and physical quality of life after rehabilitation: Mediating effects of positive experiences with physical exercises and mobility,2019-10-31,PLOS ONE,Karolina_Zarychta-Zajączkowska_8,False,12.0,False,D:\data\ranking\pdfs\v1\10-1371_journal-pone-0224503.pdf
1739,10-1371_journal-pone-0225182,41,41,Barbara Urszula Gawda,https://orcid.org/0000-0002-6783-1779,https://doi.org/10.1371/journal.pone.0225182,The computational analyses of handwriting in individuals with psychopathic personality disorder,2019-12-23,PLOS ONE,Barbara_Urszula_Gawda_3,False,14.0,False,D:\data\ranking\pdfs\v1\10-1371_journal-pone-0225182.pdf
1740,10-1371_journal-pone-0225240,36,36,Krystian Barzykowski,https://orcid.org/0000-0003-4016-3966,https://doi.org/10.1371/journal.pone.0225240,The Polish version of the Cultural Intelligence Scale: Assessment of its reliability and validity among healthcare professionals and medical faculty students,2019-11-25,PLOS ONE,Krystian_Barzykowski_14,False,22.0,False,D:\data\ranking\pdfs\v1\10-1371_journal-pone-0225240.pdf
1741,10-1371_journal-pone-0226213,68,68,Andrzej Cudo,https://orcid.org/0000-0001-7424-8576,https://doi.org/10.1371/journal.pone.0226213,"Personal distress as a mediator between self-esteem, self-efficacy, loneliness and problematic video gaming in female and male emerging adult gamers",2019-12-10,PLOS ONE,Andrzej_Cudo_19,False,18.0,False,D:\data\ranking\pdfs\v1\10-1371_journal-pone-0226213.pdf
1742,10-1371_journal-pone-0228538,14,14,Natalia Elżbieta Banasik-Jemielniak,https://orcid.org/0000-0003-4568-3231,https://doi.org/10.1371/journal.pone.0228538,“Wonderful! We’ve just missed the bus.” – Parental use of irony and children’s irony comprehension,21/02/2020,PLOS ONE,Natalia_Elżbieta_Banasik-Jemielniak_2,False,12.0,False,D:\data\ranking\pdfs\v1\10-1371_journal-pone-0228538.pdf
1743,10-1371_journal-pone-0229625,191,191,Irena Pilch,https://orcid.org/0000-0002-4471-1993,https://doi.org/10.1371/journal.pone.0229625,As cold as a fish? Relationships between the Dark Triad personality traits and affective experience during the day: A day reconstruction study,2020-02-25,PLOS ONE,Irena_Pilch_4,False,22.0,False,D:\data\ranking\pdfs\v1\10-1371_journal-pone-0229625.pdf
1744,10-1371_journal-pone-0229985,60,60,Izabela Maria Chojnicka,https://orcid.org/0000-0001-8723-6873,https://doi.org/10.1371/journal.pone.0229985,Social language in autism spectrum disorder: A computational analysis of sentiment and linguistic abstraction.,2020-03,PloS one,Izabela_Maria_Chojnicka_2,False,16.0,False,D:\data\ranking\pdfs\v1\10-1371_journal-pone-0229985.pdf
1745,10-1371_journal-pone-0230637,254,254,Anna Maria Oleszkiewicz,https://orcid.org/0000-0003-2217-1858,https://doi.org/10.1371/journal.pone.0230637,Sensory impairment reduces money sharing in the Dictator Game regardless of the recipient’s sensory status,2020-03-23,PLOS ONE,Anna_Maria_Oleszkiewicz_23,False,11.0,False,D:\data\ranking\pdfs\v1\10-1371_journal-pone-0230637.pdf
1746,10-1371_journal-pone-0231313,625,625,Konrad Piotr Maj,http://orcid.org/0000-0002-9605-4251,https://doi.org/10.1371/journal.pone.0231313,Is bad news on TV tickers good news? The effects of voiceover and visual elements in video on viewers’ assessment,2020-04-15,PLOS ONE,Konrad_Piotr_Maj_1,False,18.0,False,D:\data\ranking\pdfs\v1\10-1371_journal-pone-0231313.pdf
1747,10-1371_journal-pone-0232725,331,331,Włodzimierz Oniszczenko,https://orcid.org/0000-0003-4442-9186,https://doi.org/10.1371/journal.pone.0232725,Affective temperaments and meteoropathy among women: A cross-sectional study,2020,PLoS One,Włodzimierz_Oniszczenko_3,False,10.0,False,D:\data\ranking\pdfs\v1\10-1371_journal-pone-0232725.pdf
1748,10-1371_journal-pone-0233036,321,321,Tomasz Sebastian Oleksy,https://orcid.org/0000-0002-3499-9874,https://doi.org/10.1371/journal.pone.0233036,Do negative emotions in social advertising really work? Confrontation of classic vs. EEG reaction toward advertising that promotes safe driving,2020-05-15,PLOS ONE,Tomasz_Sebastian_Oleksy_7,False,20.0,False,D:\data\ranking\pdfs\v1\10-1371_journal-pone-0233036.pdf
1749,10-1371_journal-pone-0233337,54,54,Wojciech Zygmunt Białaszek,https://orcid.org/0000-0002-4672-4376,https://doi.org/10.1371/journal.pone.0233337,Comparison of multiplicative and additive hyperbolic and hyperboloid discounting models in delayed lotteries involving gains and losses,2020-05-22,PLOS ONE,Wojciech_Zygmunt_Białaszek_6,False,18.0,False,D:\data\ranking\pdfs\v1\10-1371_journal-pone-0233337.pdf
1750,10-1371_journal-pone-0236168,131,131,Piotr Janusz Mamcarz,https://orcid.org/0000-0001-6307-6326,https://doi.org/10.1371/journal.pone.0236168,Perceived stress and well-being of Polish migrants in the UK after Brexit vote,2020-07-23,PLOS ONE,Piotr_Janusz_Mamcarz_5,False,15.0,False,D:\data\ranking\pdfs\v1\10-1371_journal-pone-0236168.pdf
1751,10-1371_journal-pone-0236521,44,44,Monika Zofia Lewandowska,https://orcid.org/0000000273543693 ,https://doi.org/10.1371/journal.pone.0236521,Electrophysiological correlates of focused attention on low- and high-distressed tinnitus,2020-08-05,PLOS ONE,Monika_Zofia_Lewandowska_4,False,26.0,False,D:\data\ranking\pdfs\v1\10-1371_journal-pone-0236521.pdf
1752,10-1371_journal-pone-0237250,209,209,Roman Sławomir Cieślak,https://orcid.org/0000-0002-2413-5343,https://doi.org/10.1371/journal.pone.0237250,I believe I can craft! introducing Job Crafting Self-Efficacy Scale (JCSES),2020,PLoS ONE,Roman_Sławomir_Cieślak_3,False,22.0,False,D:\data\ranking\pdfs\v1\10-1371_journal-pone-0237250.pdf
1753,10-1371_journal-pone-0237610,61,61,Andrzej Cudo,https://orcid.org/0000-0001-7424-8576,https://doi.org/10.1371/journal.pone.0237610,Problematic Facebook use and problematic video gaming as mediators of relationship between impulsivity and life satisfaction among female and male gamers,2020-08-18,PLOS ONE,Andrzej_Cudo_12,False,29.0,False,D:\data\ranking\pdfs\v1\10-1371_journal-pone-0237610.pdf
1754,10-1371_journal-pone-0237859,67,67,Daniel Pankowski,https://orcid.org/0000-0001-7667-5803,https://doi.org/10.1371/journal.pone.0237859,Knowledge about traumatic World War II experiences among ancestors and subjective well-being of young adults: A person-centred perspective,2020-08-24,PLOS ONE,Daniel_Pankowski_9,False,13.0,False,D:\data\ranking\pdfs\v1\10-1371_journal-pone-0237859.pdf
1755,10-1371_journal-pone-0238141,62,62,Peter Karl Jonason,https://orcid.org/0000-0002-8833-048X,https://doi.org/10.1371/journal.pone.0238141,"Academic dishonesty among university students: The roles of the psychopathy, motivation, and self-efficacy",2020-01-01,,Peter_Karl_Jonason_50,False,12.0,False,D:\data\ranking\pdfs\v1\10-1371_journal-pone-0238141.pdf
1756,10-1371_journal-pone-0238973,320,320,Tomasz Sebastian Oleksy,https://orcid.org/0000-0002-3499-9874,https://doi.org/10.1371/journal.pone.0238973,"The acceptance of Covid-19 tracking technologies: The role of perceived threat, lack of control, and ideological beliefs",2020-09-11,PLOS ONE,Tomasz_Sebastian_Oleksy_6,False,16.0,False,D:\data\ranking\pdfs\v1\10-1371_journal-pone-0238973.pdf
1757,10-1371_journal-pone-0239581,275,275,Agnieszka Niedźwieńska,https://orcid.org/0000-0002-9252-3639,https://doi.org/10.1371/journal.pone.0239581,Everyday memory failures across adulthood: Implications for the age prospective memory paradox,2020-09-25,PLOS ONE,Agnieszka_Niedźwieńska_6,False,15.0,False,D:\data\ranking\pdfs\v1\10-1371_journal-pone-0239581.pdf
1792,10-1521_jscp-2017-36-4-265,9,9,Katarzyna Adamczyk,https://orcid.org/0000-0002-7612-8380,https://doi.org/10.1521/jscp.2017.36.4.265,Going beyond relationship status: A cross-sectional and longitudinal investigation of the role of satisfaction with relationship status in predicting polish young adults mental health,2017,Journal of Social and Clinical Psychology,Katarzyna_Adamczyk_10,False,20.0,False,D:\data\ranking\pdfs\v1\10-1521_jscp-2017-36-4-265.pdf
1799,10-1556_jba-7-2018-suppl-1,67,67,Karolina Juszczyk,https://orcid.org/0000-0002-7733-1620,https://doi.org/10.1556/jba.7.2018.suppl.1,"5th International Conference on Behavioral Addictions (ICBA2018),                     April 23–25, 2018, Cologne, Germany",2018-04,Journal of Behavioral Addictions,Karolina_Juszczyk_3,False,180.0,False,D:\data\ranking\pdfs\v1\10-1556_jba-7-2018-suppl-1.pdf
1801,10-17169_fqs-20-1-3005,84,84,Dorota Krystyna Kuncewicz,https://orcid.org/0000-0002-9717-7333,https://doi.org/10.17169/fqs-20.1.3005,Hidden Stories in Monologues,2019-01-27,Forum Qualitative Sozialforschung / Forum: Qualitative Social Research,Dorota_Krystyna_Kuncewicz_2,False,21.0,False,D:\data\ranking\pdfs\v1\10-17169_fqs-20-1-3005.pdf
1802,10-17169_fqs-21-1-3432,261,261,Emilia Soroko,https://orcid.org/0000-0003-3527-1698,https://doi.org/10.17169/fqs-21.1.3432,Qualitative Content Analysis in Clinical Psychology to Explain the Pathomechanism of Personality Disorders,2020-01-28,Forum Qualitative Sozialforschung / Forum: Qualitative Social Research,Emilia_Soroko_3,False,20.0,False,D:\data\ranking\pdfs\v1\10-17169_fqs-21-1-3432.pdf
1820,10-2486_indhealth-sw-4,454,454,Irena Iskra-Golec,https://orcid.org/0000-0002-7236-4394,https://doi.org/10.2486/indhealth.sw-4,"Working time society consensus statements: Evidence-based effects of shift work and non-standard working hours on workers, family and community",2019,Industrial Health,Irena_Iskra-Golec_2,False,30.0,False,D:\data\ranking\pdfs\v1\10-2486_indhealth-sw-4.pdf
1822,10-26444_aaem_74200,32,32,Aleksandra Błachnio,https://orcid.org/0000-0003-0756-7416,https://doi.org/10.26444/aaem/74200,"Health in old age, and patients’ approaches to telemedicine in Poland",2017-06-07,Annals of Agricultural and Environmental Medicine,Aleksandra_Błachnio_11,False,7.0,False,D:\data\ranking\pdfs\v1\10-26444_aaem_74200.pdf
2410,10-6018_analesps-32-3-229171,27,27,Tomasz Jerzy Baran,https://orcid.org/0000-0003-2922-7551,https://doi.org/10.6018/analesps.32.3.229171,Corruption and Sexual Scandal: The Importance of Politician Gender,2017,Anales de Psicologia,Tomasz_Jerzy_Baran_14,False,9.0,True,D:\data\ranking\pdfs\v1\10-6018_analesps-32-3-229171.pdf
2655,10-1002_acp-3879,26,26,Krystian Barzykowski,https://orcid.org/0000-0003-4016-3966,https://doi.org/10.1002/acp.3879,Is your memory better than mine? Investigating the mechanisms and determinants of the memory conformity effect using a modified MORI technique,2021-11,Applied Cognitive Psychology,Krystian_Barzykowski_4,False,31.0,True,D:\data\ranking\pdfs\v1-1\10-1002_acp-3879.pdf
2658,10-1007_s10827-018-0702-z,133,133,Mateusz Hohol,https://orcid.org/0000-0003-0422-5488,https://doi.org/10.1007/s10827-018-0702-z,Replicability or reproducibility? On the replication crisis in computational neuroscience and sharing only relevant detail,2018-12-31,Journal of Computational Neuroscience,Mateusz_Hohol_5,False,107.0,False,D:\data\ranking\pdfs\v1-1\10-1007_s10827-018-0702-z.pdf
2659,10-1007_s10943-021-01443-y,138,138,Janina Jolanta Ogińska-Bulik,https://orcid.org/0000-0001-8868-407X,https://doi.org/10.1007/s10943-021-01443-y,Empathy and Cognitive Processing as Factors Determining the Consequences of Secondary Exposure to Trauma Among Roman Catholic Clergymen,2021-10-25,Journal of Religion and Health,Janina_Jolanta_Ogińska-Bulik_1,False,17.0,False,D:\data\ranking\pdfs\v1-1\10-1007_s10943-021-01443-y.pdf
2660,10-1007_s11084-021-09612-5,104,104,Łukasz Dominik Kaczmarek,https://orcid.org/0000-0001-5565-8334,https://doi.org/10.1007/s11084-021-09612-5,How the Geomagnetic Field Influences Life on Earth – An Integrated Approach to Geomagnetobiology,2021-09-07,Origins of Life and Evolution of Biospheres,Łukasz_Dominik_Kaczmarek_11,False,19.0,False,D:\data\ranking\pdfs\v1-1\10-1007_s11084-021-09612-5.pdf
2663,10-1007_s11469-021-00707-8,24,24,Paweł Andrzej Atroszko,https://orcid.org/0000-0001-5707-3882,https://doi.org/10.1007/s11469-021-00707-8,Work Addiction and Work Engagement: a Network Approach to Cross-Cultural Data,2021-12-03,International Journal of Mental Health and Addiction,Paweł_Andrzej_Atroszko_10,False,238.0,False,D:\data\ranking\pdfs\v1-1\10-1007_s11469-021-00707-8.pdf
2664,10-1007_s12144-021-02543-4,1,1,Karina Atłas,https://orcid.org/0000-0002-4363-3583,https://doi.org/10.1007/s12144-021-02543-4,Exhausted due to the pandemic: Validation of Coronavirus Stress Measure and COVID-19 Burnout Scale in a Polish sample,2021-11-26,Current Psychology,Karina_Atłas_1,False,13.0,True,D:\data\ranking\pdfs\v1-1\10-1007_s12144-021-02543-4.pdf
2665,10-1007_s12304-021-09470-8,426,429,Joanna Karolina Rączaszek-Leonardi,https://orcid.org/0000-0002-3243-1468,https://doi.org/10.1007/s12304-021-09470-8,Complementarity of Description and the Promise of Semiotics in Dealing with an Eluding Object,2021-12,Biosemiotics,Joanna_Karolina_Rączaszek-Leonardi_1,False,17.0,True,D:\data\ranking\pdfs\v1-1\10-1007_s12304-021-09470-8.pdf
2667,10-1016_j-envint-2021-106975,206,206,Iana Markevych,https://orcid.org/0000-0002-5214-0748,https://doi.org/10.1016/j.envint.2021.106975,Lifelong exposure to residential greenspace and the premenstrual syndrome: A population-based study of Northern European women.,2021-11,Environment international,Iana_Markevych_3,False,9.0,True,D:\data\ranking\pdfs\v1-1\10-1016_j-envint-2021-106975.pdf
2672,10-1016_j-yhbeh-2018-10-007,349,349,Agnieszka Ewa Sorokowska,https://orcid.org/0000-0003-3999-8851,https://doi.org/10.1016/j.yhbeh.2018.10.007,Human Leukocyte Antigen similarity decreases partners' and strangers' body odor attractiveness for women not using hormonal contraception,2018-11,Hormones and Behavior,Agnieszka_Ewa_Sorokowska_40,False,21.0,False,D:\data\ranking\pdfs\v1-1\10-1016_j-yhbeh-2018-10-007.pdf
2679,10-1037_neu0000457,281,281,Agnieszka Niedźwieńska,https://orcid.org/0000-0002-9252-3639,https://doi.org/10.1037/neu0000457,Reduced mind-wandering in mild cognitive impairment: Testing the spontaneous retrieval deficit hypothesis.,2018-09,Neuropsychology,Agnieszka_Niedźwieńska_12,False,53.0,False,D:\data\ranking\pdfs\v1-1\10-1037_neu0000457.pdf
2682,10-1037_xge0000449,76,76,Maciej Roman Hanczakowski,https://orcid.org/0000-0001-8980-4918,https://doi.org/10.1037/xge0000449,Learning through clamor: The allocation and perception of study time in noise,2018,Journal of Experimental Psychology: General,Maciej_Roman_Hanczakowski_6,False,60.0,False,D:\data\ranking\pdfs\v1-1\10-1037_xge0000449.pdf
2687,10-1080_00224545-2021-1979454,263,263,Erica Molinario,https://orcid.org/0000-0002-8421-7594,https://doi.org/10.1080/00224545.2021.1979454,The role of values in coping with health and economic threats of COVID-19,2021-12-24,The Journal of Social Psychology,Erica_Molinario_1,False,8.0,False,D:\data\ranking\pdfs\v1-1\10-1080_00224545-2021-1979454.pdf
2688,10-1080_09658211-2021-1973037,219,219,Marek Antoni Nieznański,https://orcid.org/0000-0002-2457-3909,https://doi.org/10.1080/09658211.2021.1973037,Recollection of “true” feedback is better than “false” feedback independently of a priori beliefs: an investigation from the perspective of dual-recollection theory,2021-10-21,Memory,Marek_Antoni_Nieznański_1,False,3.0,False,D:\data\ranking\pdfs\v1-1\10-1080_09658211-2021-1973037.pdf
2689,10-1080_10409289-2021-1965396,505,505,Tamara Zofia Walczak-Kozłowska,https://orcid.org/0000-0002-9781-7281,https://doi.org/10.1080/10409289.2021.1965396,School (Un)readiness of Children Born Very Prematurely and Its Relation to the Attentional System: Evidence from the Posner Cuing Paradigm Study,2021-08-24,Early Education and Development,Tamara_Zofia_Walczak-Kozłowska_2,False,24.0,False,D:\data\ranking\pdfs\v1-1\10-1080_10409289-2021-1965396.pdf
2690,10-1080_20008198-2021-1964197,72,72,Małgorzata Janina Dragan,https://orcid.org/0000-0001-8221-2012,https://doi.org/10.1080/20008198.2021.1964197,"Risk and protective factors, stressors, and symptoms of adjustment disorder during the COVID-19 pandemic – First results of the ESTSS COVID-19 pan-European ADJUST study",2021-01-01,European Journal of Psychotraumatology,Małgorzata_Janina_Dragan_3,False,15.0,True,D:\data\ranking\pdfs\v1-1\10-1080_20008198-2021-1964197.pdf
2693,10-1080_2326263x-2021-2002004,237,237,Dariusz Jacek Zapała,https://orcid.org/0000-0002-3472-3050,https://doi.org/10.1080/2326263x.2021.2002004,A functional BCI model by the P2731 working group: control interface,2021-10-02,Brain-Computer Interfaces,Dariusz_Jacek_Zapała_2,False,14.0,True,D:\data\ranking\pdfs\v1-1\10-1080_2326263x-2021-2002004.pdf
2697,10-1109_jbhi-2021-3096984,470,470,Michał Wierzchoń,https://orcid.org/0000-0002-7347-2696,https://doi.org/10.1109/jbhi.2021.3096984,Simultaneous Eye Blink Characterization and Elimination from Low-Channel Prefrontal EEG Signals Enhances Driver Drowsiness Detection,2021,IEEE Journal of Biomedical and Health Informatics,Michał_Wierzchoń_3,False,30.0,False,D:\data\ranking\pdfs\v1-1\10-1109_jbhi-2021-3096984.pdf
2699,10-1111_ejed-12474,3,3,Anna Błaszczak,https://orcid.org/0000-0003-0597-5117,https://doi.org/10.1111/ejed.12474,Parental involvement in remote learning during the COVID‐19 pandemic—Dominant approaches and their diverse implications,2021-12,European Journal of Education,Anna_Błaszczak_1,False,8.0,True,D:\data\ranking\pdfs\v1-1\10-1111_ejed-12474.pdf
2717,10-12740_app_142826,31,31,Magdalena Gawrych,https://orcid.org/0000-0003-0668-5437,https://doi.org/10.12740/app/142826,Mental health issues related to climate change in Poland - Polish psychologists’ and psychotherapists’ perspective.,13/11/2021,Archives of Psychiatry and Psychotherapy,Magdalena_Gawrych_1,False,8.0,False,D:\data\ranking\pdfs\v1-1\10-12740_app_142826.pdf
2755,10-12740_pp_onlinefirst_68856,160,160,Wojciech Otrębski,https://orcid.org/0000-0002-8566-0379,https://doi.org/10.12740/pp/onlinefirst/68856,Measurement tools of autism syndrome severity and selected neurocognitive processes in individuals with ASD,2018-08-24,Psychiatria Polska,Wojciech_Otrębski_3,False,16.0,True,D:\data\ranking\pdfs\v1-1\10-12740_pp_onlinefirst_68856.pdf
2763,10-12740_pp_onlinefirst_76541,141,141,Dorota Mącik,https://orcid.org/0000-0001-5015-1059,https://doi.org/10.12740/pp/onlinefirst/76541,Polish adaptation of the Young Schema Questionnaire 3 Short Form (YSQ-S3-PL),2018,Psychiatria Polska,Dorota_Mącik_9,False,24.0,False,D:\data\ranking\pdfs\v1-1\10-12740_pp_onlinefirst_76541.pdf
2793,10-13075_ijomeh-1896-01187,7,7,Łukasz Baka,https://orcid.org/0000-0003-1173-9874,https://doi.org/10.13075/ijomeh.1896.01187,Development and validation of the Polish version of Colquitt’s Organizational Justice Measure,2018,International Journal of Occupational Medicine and Environmental Health,Łukasz_Baka_8,False,9.0,False,D:\data\ranking\pdfs\v1-1\10-13075_ijomeh-1896-01187.pdf
2839,10-1371_journal-pone-0240209,6,6,Ewelina Cichoń,https://orcid.org/0000-0001-5728-3003,https://doi.org/10.1371/journal.pone.0240209,People with diabetes need a lower cut-off than others for depression screening with PHQ-9,2020-10-23,PLOS ONE,Ewelina_Cichoń_7,False,20.0,False,D:\data\ranking\pdfs\v1-1\10-1371_journal-pone-0240209.pdf
2840,10-1371_journal-pone-0241694,165,165,Kamil Konrad Imbir,https://orcid.org/0000-0002-3630-5602,https://doi.org/10.1371/journal.pone.0241694,Valence and arousal of words in visual and conceptual interference control efficiency,2020,PLoS ONE,Kamil_Konrad_Imbir_7,False,19.0,False,D:\data\ranking\pdfs\v1-1\10-1371_journal-pone-0241694.pdf
2841,10-1371_journal-pone-0241817,335,335,Włodzimierz Oniszczenko,https://orcid.org/0000-0003-4442-9186,https://doi.org/10.1371/journal.pone.0241817,Personality profiles and meteoropathy intensity: A comparative study between young and older adults,2020,PLoS One,Włodzimierz_Oniszczenko_7,False,10.0,False,D:\data\ranking\pdfs\v1-1\10-1371_journal-pone-0241817.pdf
2842,10-1371_journal-pone-0243234,259,259,Katarzyna Maria Ślebarska,https://orcid.org/0000-0003-2032-0469,https://doi.org/10.1371/journal.pone.0243234,Change of organizational newcomers’ unmet expectations: Does proactive coping matter?,2020-12-10,PLOS ONE,Katarzyna_Maria_Ślebarska_1,False,12.0,False,D:\data\ranking\pdfs\v1-1\10-1371_journal-pone-0243234.pdf
2843,10-1371_journal-pone-0243448,66,66,Małgorzata Górnik-Durose,https://orcid.org/0000-0003-3395-5324,https://doi.org/10.1371/journal.pone.0243448,Adult attachment styles and mothers’ life satisfaction in relation to eating behaviors in the families with overweight and obese children,2020-12-03,PLOS ONE,Małgorzata_Górnik-Durose_3,False,15.0,False,D:\data\ranking\pdfs\v1-1\10-1371_journal-pone-0243448.pdf
2844,10-1371_journal-pone-0247596,116,116,Paulina Michalska,https://orcid.org/0000-0003-2179-0307,https://doi.org/10.1371/journal.pone.0247596,Prevalence and predictors of secondary traumatic stress symptoms in health care professionals working with trauma victims: A cross-sectional study,2021-02-23,PLOS ONE,Paulina_Michalska_4,False,19.0,False,D:\data\ranking\pdfs\v1-1\10-1371_journal-pone-0247596.pdf
2845,10-1371_journal-pone-0252721,128,128,Piotr Janusz Mamcarz,https://orcid.org/0000-0001-6307-6326,https://doi.org/10.1371/journal.pone.0252721,Can moral reasoning be modeled in an experiment?,2021-06-10,PLOS ONE,Piotr_Janusz_Mamcarz_2,False,24.0,False,D:\data\ranking\pdfs\v1-1\10-1371_journal-pone-0252721.pdf
2846,10-1371_journal-pone-0254458,44,44,Barbara Jolanta Bętkowska-Korpała,https://orcid.org/0000-0001-7893-8726,https://doi.org/10.1371/journal.pone.0254458,Differences in personality related determinants of empathetic sensibility in female and male students of medicine,2021,PLoS ONE,Barbara_Jolanta_Bętkowska-Korpała_1,False,15.0,False,D:\data\ranking\pdfs\v1-1\10-1371_journal-pone-0254458.pdf
2847,10-1371_journal-pone-0255386,11,11,Mateusz Blukacz,https://orcid.org/0000-0002-4689-5650,https://doi.org/10.1371/journal.pone.0255386,How relevant for you is to be a moral person? Polish validation of the Self-Importance of Moral Identity Scale,2021-08-03,PLOS ONE,Mateusz_Blukacz_2,False,19.0,False,D:\data\ranking\pdfs\v1-1\10-1371_journal-pone-0255386.pdf
2848,10-1371_journal-pone-0255460,101,101,Dawid Konrad Ścigała,https://orcid.org/0000-0003-1409-5218,https://doi.org/10.1371/journal.pone.0255460,Relationship between interoceptive sensibility and somatoform disorders in adults with autism spectrum traits. The mediating role of alexithymia and emotional dysregulation,24/08/2021,PLOS ONE,Dawid_Konrad_Ścigała_3,False,18.0,True,D:\data\ranking\pdfs\v1-1\10-1371_journal-pone-0255460.pdf
2849,10-1371_journal-pone-0255537,465,468,Marcin Tomasz Rzeszutek,https://orcid.org/0000-0002-4230-3806,https://doi.org/10.1371/journal.pone.0255537,Managerial overconfidence in capital structure decisions and its link to aggregate demand: An agent-based model perspective,2021-08-19,PLOS ONE,Marcin_Tomasz_Rzeszutek_6,False,33.0,False,D:\data\ranking\pdfs\v1-1\10-1371_journal-pone-0255537.pdf
2850,10-1371_journal-pone-0255750,329,329,Włodzimierz Oniszczenko,https://orcid.org/0000-0003-4442-9186,https://doi.org/10.1371/journal.pone.0255750,Anxious temperament and cyberchondria as mediated by fear of COVID-19 infection: A cross-sectional study,2021,PLoS ONE,Włodzimierz_Oniszczenko_1,False,10.0,False,D:\data\ranking\pdfs\v1-1\10-1371_journal-pone-0255750.pdf
2851,10-1371_journal-pone-0256430,35,35,Maciej Behnke,https://orcid.org/0000-0002-2455-4556,https://doi.org/10.1371/journal.pone.0256430,"How seasons, weather, and part of day influence baseline affective valence in laboratory research participants?",2021-08-19,PLoS ONE,Maciej_Behnke_5,False,14.0,False,D:\data\ranking\pdfs\v1-1\10-1371_journal-pone-0256430.pdf
2852,10-1371_journal-pone-0256483,34,34,Maciej Behnke,https://orcid.org/0000-0002-2455-4556,https://doi.org/10.1371/journal.pone.0256483,"I am afraid, so I buy it! The effects of anxiety on consumer assimilation and differentiation needs amongst individuals primed with independent and interdependent self-construal",2021-09-01,PLOS ONE,Maciej_Behnke_4,False,19.0,False,D:\data\ranking\pdfs\v1-1\10-1371_journal-pone-0256483.pdf
2853,10-1371_journal-pone-0256558,415,418,Monika Prusik,https://orcid.org/0000-0001-8552-9920,https://doi.org/10.1371/journal.pone.0256558,Is self-determination good for your effectiveness? A study of factors which influence performance within self-determination theory,2021-09-08,PLOS ONE,Monika_Prusik_3,False,17.0,False,D:\data\ranking\pdfs\v1-1\10-1371_journal-pone-0256558.pdf
2854,10-1371_journal-pone-0257252,112,112,Tomasz Daniel Jakubowski,https://orcid.org/0000-0002-1918-4028,https://doi.org/10.1371/journal.pone.0257252,Teachers’ mental health during the first two waves of the COVID-19 pandemic in Poland,2021-09-23,PLOS ONE,Tomasz_Daniel_Jakubowski_3,False,25.0,False,D:\data\ranking\pdfs\v1-1\10-1371_journal-pone-0257252.pdf
2855,10-1371_journal-pone-0257678,6,6,Aleksandra Bala,https://orcid.org/0000-0001-6239-7232,https://doi.org/10.1371/journal.pone.0257678,Occult focal cortical dysplasia may predict poor outcome of surgery for drug-resistant mesial temporal lobe epilepsy,2021-09-30,PLOS ONE,Aleksandra_Bala_2,False,15.0,False,D:\data\ranking\pdfs\v1-1\10-1371_journal-pone-0257678.pdf
2856,10-1371_journal-pone-0258606,188,188,Irena Pilch,https://orcid.org/0000-0002-4471-1993,https://doi.org/10.1371/journal.pone.0258606,The predictors of adaptive and maladaptive coping behavior during the COVID-19 pandemic: The Protection Motivation Theory and the Big Five personality traits,2021-10-19,PLOS ONE,Irena_Pilch_1,False,19.0,False,D:\data\ranking\pdfs\v1-1\10-1371_journal-pone-0258606.pdf
2857,10-1371_journal-pone-0258609,229,229,Elżbieta Anna Sanecka,https://orcid.org/0000-0003-3401-2782,https://doi.org/10.1371/journal.pone.0258609,Grandiose and vulnerable narcissism and regulatory focus at work in relation to strengths use and deficit correction in the workplace,2021-10-22,PLOS ONE,Elżbieta_Anna_Sanecka_2,False,18.0,False,D:\data\ranking\pdfs\v1-1\10-1371_journal-pone-0258609.pdf
2858,10-1371_journal-pone-0258740,226,226,Jagoda Paulina Różycka,https://orcid.org/0000-0003-3341-4202,https://doi.org/10.1371/journal.pone.0258740,How I see is how I feel. Identification of illness perception schema and its association with adaptation outcomes in multiple sclerosis – a 5-year prospective study,2021-10-28,PLOS ONE,Jagoda_Paulina_Różycka_1,False,26.0,False,D:\data\ranking\pdfs\v1-1\10-1371_journal-pone-0258740.pdf
2859,10-1371_journal-pone-0258948,413,416,Monika Prusik,https://orcid.org/0000-0001-8552-9920,https://doi.org/10.1371/journal.pone.0258948,The basic psychological needs satisfaction and frustration scale at work: A validation in the Polish language,2021-11-04,PLOS ONE,Monika_Prusik_1,False,17.0,False,D:\data\ranking\pdfs\v1-1\10-1371_journal-pone-0258948.pdf
2860,10-1371_journal-pone-0259025,111,111,Tomasz Daniel Jakubowski,https://orcid.org/0000-0002-1918-4028,https://doi.org/10.1371/journal.pone.0259025,The impact of the traditional male role norms on the posttraumatic stress disorder among Polish male firefighters,2021-10-27,PLOS ONE,Tomasz_Daniel_Jakubowski_2,False,18.0,False,D:\data\ranking\pdfs\v1-1\10-1371_journal-pone-0259025.pdf
2861,10-1371_journal-pone-0261507,413,413,Agnieszka Strojny,https://orcid.org/0000-0002-0625-383X,https://doi.org/10.1371/journal.pone.0261507,VR Realism Scale—Revalidation of contemporary VR headsets on a Polish sample,2021-12-21,PLOS ONE,Agnieszka_Strojny_1,False,27.0,False,D:\data\ranking\pdfs\v1-1\10-1371_journal-pone-0261507.pdf
2864,10-14254_1795-6889-2021-17-3-2,257,257,Paweł Stefan Jurek,https://orcid.org/0000-0002-9958-3941,https://doi.org/10.14254/1795-6889.2021.17-3.2,Perceived technostress while learning a new mobile technology: Do individual differences and the way technology is presented matter?,2021-12-31,Human Technology,Paweł_Stefan_Jurek_6,False,16.0,True,D:\data\ranking\pdfs\v1-1\10-14254_1795-6889-2021-17-3-2.pdf
2867,10-14691_cppj-24-3-481,8,8,Łukasz Baka,https://orcid.org/0000-0003-1173-9874,https://doi.org/10.14691/cppj.24.3.481,Mechanizmy kształtowania się zdolności do pracy w świetle modelu wymagania w pracy - zasoby,2018,Czasopismo Psychologiczne -Pychological Journal,Łukasz_Baka_9,False,13.0,False,D:\data\ranking\pdfs\v1-1\10-14691_cppj-24-3-481.pdf
2871,10-14746_cis-2018-45-1,197,197,Monika Obrębska,https://orcid.org/0000-0003-0457-5402,https://doi.org/10.14746/cis.2018.45.1,Oblicza współczesności: od problemów do zadań,2018,Człowiek i Społeczeństwo,Monika_Obrębska_12,False,9.0,False,D:\data\ranking\pdfs\v1-1\10-14746_cis-2018-45-1.pdf
2872,10-14746_cis-2020-49-1,188,188,Monika Obrębska,https://orcid.org/0000-0003-0457-5402,https://doi.org/10.14746/cis.2020.49.1,Wprowadzenie,2020,Człowiek i Społeczeństwo,Monika_Obrębska_4,False,4.0,False,D:\data\ranking\pdfs\v1-1\10-14746_cis-2020-49-1.pdf
2873,10-14746_cis-2020-49-12,285,285,Julita Wojciechowska,https://orcid.org/0000-0003-1678-3954,https://doi.org/10.14746/cis.2020.49.12,"Humanista w dobrym kontakcie, czyli o tutoringu akademickim",2020-06-15,Człowiek i Społeczeństwo,Julita_Wojciechowska_1,False,8.0,False,D:\data\ranking\pdfs\v1-1\10-14746_cis-2020-49-12.pdf
2879,10-14746_cis-2021-51-1,14,14,Lucyna Bakiera,https://orcid.org/0000-0003-4559-0430,https://doi.org/10.14746/cis.2021.51.1,Blisko czy na dystans? Psychologiczne aspekty relacji międzyludzkich,2021-03-15,Człowiek i Społeczeństwo,Lucyna_Bakiera_1,False,13.0,False,D:\data\ranking\pdfs\v1-1\10-14746_cis-2021-51-1.pdf
2887,10-14746_ikps-2017-17-05,8,8,KAROLINA KALISZEWSKA,https://orcid.org/0000-0002-3925-8397,https://doi.org/10.14746/ikps.2017.17.05,Proces adaptacji rodziców do roli rodzicielskiej dziecka z zespołem Downa jako strategia radzenia sobie z sytuacją stresową,2018-09-09,Interdyscyplinarne Konteksty Pedagogiki Specjalnej,KAROLINA_KALISZEWSKA_1,False,28.0,False,D:\data\ranking\pdfs\v1-1\10-14746_ikps-2017-17-05.pdf
2890,10-14746_il-2018-42-1,192,192,Monika Obrębska,https://orcid.org/0000-0003-0457-5402,https://doi.org/10.14746/il.2018.42.1,Czy dwujęzyczność sprzyja kreatywności? Doniesienie z badań,2019,Investigationes Linguisticae,Monika_Obrębska_8,False,11.0,False,D:\data\ranking\pdfs\v1-1\10-14746_il-2018-42-1.pdf
2892,10-14746_prt-2021-2-6,129,129,Radosław Stupak,https://orcid.org/0000-0002-7318-546X,https://doi.org/10.14746/prt.2021.2.6,Przez kwasową psychiatrię do kwasowego komunizmu. Renesans psychodeliczny w psychiatrii jako szansa na zmianę paradygmatu,2021,Praktyka Teoretyczna,Radosław_Stupak_2,False,54.0,False,D:\data\ranking\pdfs\v1-1\10-14746_prt-2021-2-6.pdf
2895,10-14746_rpeis-2017-79-2-4,55,55,Teresa Chirkowska-Smolak,https://orcid.org/0000-0003-3942-5594,https://doi.org/10.14746/rpeis.2017.79.2.4,Oceny moralne w rozumowaniu sędziowskim,2017,"Ruch Prawniczy, Ekonomiczny i Socjologiczny",Teresa_Chirkowska-Smolak_6,False,16.0,False,D:\data\ranking\pdfs\v1-1\10-14746_rpeis-2017-79-2-4.pdf
2925,10-15219_em72-1323,83,83,Łukasz Radosław Krzywoszański,https://orcid.org/0000-0001-9222-2150,https://doi.org/10.15219/em72.1323,Perspektywy stosowania w edukacji techniki implementacji intencji,2017-12-31,e-mentor,Łukasz_Radosław_Krzywoszański_7,False,18.0,False,D:\data\ranking\pdfs\v1-1\10-15219_em72-1323.pdf
2926,10-15219_em91-1533,23,23,Aleksandra Błachnio,https://orcid.org/0000-0003-0756-7416,https://doi.org/10.15219/em91.1533,Zadowolenie z życia słuchaczy uniwersytetów trzeciego wieku,2021-10,e-mentor,Aleksandra_Błachnio_2,False,16.0,False,D:\data\ranking\pdfs\v1-1\10-15219_em91-1533.pdf
2929,10-1530_ec-21-0257,229,229,Agnieszka Krystyna Nomejko,https://orcid.org/0000-0003-0254-9892,https://doi.org/10.1530/ec-21-0257,Lower sexual satisfaction in women with polycystic ovary syndrome and metabolic syndrome,2021-07-28,Endocrine Connections,Agnieszka_Krystyna_Nomejko_1,False,25.0,False,D:\data\ranking\pdfs\v1-1\10-1530_ec-21-0257.pdf
2934,10-15398_jlm-v5i3-190,283,283,Mariusz Urbański,https://orcid.org/0000-0002-8682-5307,https://doi.org/10.15398/jlm.v5i3.190,Erotetic Reasoning  Corpus. A data set for research on natural question processing,2017,Journal of Language Modelling,Mariusz_Urbański_12,False,25.0,False,D:\data\ranking\pdfs\v1-1\10-15398_jlm-v5i3-190.pdf
2936,10-15503_jecs20132-361-374,460,460,Magdalena Żemojtel-Piotrowska,https://orcid.org/0000-0002-8017-8014,https://doi.org/10.15503/jecs20132.361.374,The Importance of Material Status for Electoral Chances and Perception of Politician: Delegitimization of Wealth as Post-transition Specificity?,2020-01-10,Journal of Education Culture and Society,Magdalena_Żemojtel-Piotrowska_16,False,14.0,True,D:\data\ranking\pdfs\v1-1\10-15503_jecs20132-361-374.pdf
2940,10-15503_onis2014-648-655,3,3,Katarzyna Anna Błońska,https://orcid.org/0000-0001-7210-777X,https://doi.org/10.15503/onis2014.648.655,Teatr tańca i jego terapeutyczne aspekty,2020-02-15,Ogrody Nauk i Sztuk,Katarzyna_Anna_Błońska_4,False,8.0,True,D:\data\ranking\pdfs\v1-1\10-15503_onis2014-648-655.pdf
2942,10-15503_onis2019-56-62,19,19,Katarzyna Chotkowska,https://orcid.org/0000-0002-4006-9446,https://doi.org/10.15503/onis2019.56.62,Choroby psychiczne. Edukacja antydyskryminacyjna,14/08/2019,Ogrody Nauk i Sztuk,Katarzyna_Chotkowska_2,False,7.0,True,D:\data\ranking\pdfs\v1-1\10-15503_onis2019-56-62.pdf
2966,10-15804_kimwe2018111,21,21,Małgorzata Anna Gut,https://orcid.org/0000000165407192 ,https://doi.org/10.15804/kimwe2018111,Znaczenie ruchu w edukacji matematycznej : ucieleśnione poznanie a kształtowanie się umysłowych reprezentacji liczb u dzieci.,2018,Kognitywistyka i Media w Edukacji,Małgorzata_Anna_Gut_2,False,22.0,False,D:\data\ranking\pdfs\v1-1\10-15804_kimwe2018111.pdf
2977,10-16910_jemr-13-5-2,463,463,Szymon Wichary,https://orcid.org/0000-0002-0790-2977,https://doi.org/10.16910/jemr.13.5.2,Pupillary and microsaccadic responses to cognitive effort and emotional arousal during complex decision making,2020,Journal of Eye Movement Research,Szymon_Wichary_1,False,15.0,True,D:\data\ranking\pdfs\v1-1\10-16910_jemr-13-5-2.pdf
2993,10-17951_j-2017-30-1-7,134,134,Magdalena Sylwia Kapała,https://orcid.org/0000-0002-9384-9905,https://doi.org/10.17951/j.2017.30.1.7,Duchowość jako niedoceniany aspekt psyche : propozycja nowego ujęcia duchowości w psychologii - kategoria wrażliwości duchowej,2017,"Annales Universitatis Mariae Curie-Skłodowska. Sectio J, Paedagogia-Psychologia",Magdalena_Sylwia_Kapała_1,False,31.0,False,D:\data\ranking\pdfs\v1-1\10-17951_j-2017-30-1-7.pdf
3004,10-17951_j-2018-31-3-23-37,33,33,Sara Aleksandra Filipiak,https://orcid.org/0000-0001-7818-7168,https://doi.org/10.17951/j.2018.31.3.23-37,Giętkość poznawcza i zdolność do planowania a spostrzeganie kontroli w sytuacjach sukcesów i niepowodzeń przez dzieci przedszkolne,2019-02-26,"Annales Universitatis Mariae Curie-Skłodowska, sectio J – Paedagogia-Psychologia",Sara_Aleksandra_Filipiak_12,False,15.0,False,D:\data\ranking\pdfs\v1-1\10-17951_j-2018-31-3-23-37.pdf
3041,10-17951_pe-2018-2-131-141,60,60,Tomasz Rafał Knopik,https://orcid.org/0000-0001-5253-7545,https://doi.org/10.17951/pe.2018.2.131-141,Education Towards Wisdom in Educational and Vocational Guidance,2019-01-17,Prima Educatione,Tomasz_Rafał_Knopik_11,False,11.0,True,D:\data\ranking\pdfs\v1-1\10-17951_pe-2018-2-131-141.pdf
3042,10-17951_pe-2021-5-231-233,55,55,Tomasz Rafał Knopik,https://orcid.org/0000-0001-5253-7545,https://doi.org/10.17951/pe.2021.5.231-233,"Urszula Oszwa, Lęk przed matematyką. Poglądy, badania, rozwiązania, Wydawnictwo UMCS, Lublin 2020, pp. 274",2021-11-15,Prima Educatione,Tomasz_Rafał_Knopik_6,False,3.0,True,D:\data\ranking\pdfs\v1-1\10-17951_pe-2021-5-231-233.pdf
3044,10-18290_pepsi-2020-0001,289,289,Czesław Noworol,https://orcid.org/0000-0003-4957-3865,https://doi.org/10.18290/pepsi-2020-0001,Growth of Employability through Reinforcing Apprentice Career Paths in Craftsmanship,2021-02-24,Journal for Perspectives of Economic Political and Social Integration,Czesław_Noworol_1,False,21.0,False,D:\data\ranking\pdfs\v1-1\10-18290_pepsi-2020-0001.pdf
3045,10-18290_pepsi-2020-0002,81,81,Paweł Kot,https://orcid.org/0000-0003-1471-1228,https://doi.org/10.18290/pepsi-2020-0002,Psychosocial Aspects of Employee Control with the Use of Modern Technologies,2021-02-24,Journal for Perspectives of Economic Political and Social Integration,Paweł_Kot_1,False,20.0,False,D:\data\ranking\pdfs\v1-1\10-18290_pepsi-2020-0002.pdf
3059,10-18290_rpsych-2017-20-4-1pl,65,65,Arkadiusz Piotr Białek,https://orcid.org/0000-0002-9002-4764,https://doi.org/10.18290/rpsych.2017.20.4-1pl,"Recursion as a common ground of mental, communicative, and linguistic processes,Rekursja jako wspólna podstawa procesów umysłowych, komunikacyjnych i jȩzykowych",2017,Annals of Psychology,Arkadiusz_Piotr_Białek_11,False,21.0,False,D:\data\ranking\pdfs\v1-1\10-18290_rpsych-2017-20-4-1pl.pdf
3060,10-18290_rpsych-2017-20-4-2en,13,13,Ewelina Cichoń,https://orcid.org/0000-0001-5728-3003,https://doi.org/10.18290/rpsych.2017.20.4-2en,Metacognition increases the severity of depression through trait anxiety in a nonclinical population,2017,Roczniki Psychologiczne,Ewelina_Cichoń_14,False,14.0,False,D:\data\ranking\pdfs\v1-1\10-18290_rpsych-2017-20-4-2en.pdf
3061,10-18290_rpsych-2017-20-4-2pl,14,14,Ewelina Cichoń,https://orcid.org/0000-0001-5728-3003,https://doi.org/10.18290/rpsych.2017.20.4-2pl,Metapoznanie nasila depresję poprzez cechę lęku: badania w populacji osób zdrowych psychicznie,2017,Roczniki Psychologiczne,Ewelina_Cichoń_15,False,15.0,False,D:\data\ranking\pdfs\v1-1\10-18290_rpsych-2017-20-4-2pl.pdf
3062,10-18290_rpsych-2017-20-4-5en,81,81,Karolina Magdalena Ludwikowska-Świeboda,https://orcid.org/0000-0002-4654-0032,https://doi.org/10.18290/rpsych.2017.20.4-5en,The results of the preliminary validation of the Polish version of the Multiple Stimulus Types Ambiguity Tolerance Scale,2017,Roczniki Psychologiczne,Karolina_Magdalena_Ludwikowska-Świeboda_3,False,20.0,False,D:\data\ranking\pdfs\v1-1\10-18290_rpsych-2017-20-4-5en.pdf
3063,10-18290_rpsych-2017-20-4-5pl,91,91,Bogusława Halina Lachowska,https://orcid.org/0000-0002-6858-6314,https://doi.org/10.18290/rpsych.2017.20.4-5pl,"The results of the preliminary validation of the Polish version of the multiple stimulus types ambiguity tolerance scale,Wyniki wstȩpnej walidacji polskiej wersji skali tolerancji niejednoznaczności wielorakich typów bodźców",2017,Roczniki Psychologiczne,Bogusława_Halina_Lachowska_2,False,20.0,False,D:\data\ranking\pdfs\v1-1\10-18290_rpsych-2017-20-4-5pl.pdf
3110,10-18520_cs_v117_i7_1184-1188,40,40,Paweł Andrzej Atroszko,https://orcid.org/0000-0001-5707-3882,https://doi.org/10.18520/cs/v117/i7/1184-1188,Type-A personality competitiveness component linked to increased cardiovascular risk is positively related to study addiction but not to study engagement,2019,Current Science,Paweł_Andrzej_Atroszko_26,False,5.0,False,D:\data\ranking\pdfs\v1-1\10-18520_cs_v117_i7_1184-1188.pdf
3112,10-18632_aging-102243,604,607,Pamela Villar Gonzalez,https://orcid.org/0000-0002-7987-1380,https://doi.org/10.18632/aging.102243,Cognitive efficiency in late midlife is linked to lifestyle characteristics and allostatic load.,2019-09,Aging,Pamela_Villar_Gonzalez_3,False,18.0,False,D:\data\ranking\pdfs\v1-1\10-18632_aging-102243.pdf
3113,10-18632_oncotarget-27642,15,15,Aneta Rita Borkowska,https://orcid.org/0000-0003-3201-3693,https://doi.org/10.18632/oncotarget.27642,Mutation profile of primary subungual melanomas in Caucasians.,2020-06-23,Oncotarget,Aneta_Rita_Borkowska_6,False,10.0,False,D:\data\ranking\pdfs\v1-1\10-18632_oncotarget-27642.pdf
3141,10-21164_pomjlifesci-382,39,39,DARIA JOANNA SUCHECKA,https://orcid.org/0000-0001-7051-577X,https://doi.org/10.21164/pomjlifesci.382,Poczucie humoru oraz pozytywna orientacja na siebie i świat w kontekście osobowościowych różnic indywidualnych,2018-03-30,Pomeranian Journal of Life Sciences,DARIA_JOANNA_SUCHECKA_2,False,6.0,False,D:\data\ranking\pdfs\v1-1\10-21164_pomjlifesci-382.pdf
3142,10-21164_pomjlifesci-464,515,515,Tamara Zofia Walczak-Kozłowska,https://orcid.org/0000-0002-9781-7281,https://doi.org/10.21164/pomjlifesci.464,Duchowość a jakość życia osób dotkniętych chorobą nowotworową,2018-09-26,Pomeranian Journal of Life Sciences,Tamara_Zofia_Walczak-Kozłowska_12,False,8.0,False,D:\data\ranking\pdfs\v1-1\10-21164_pomjlifesci-464.pdf
3143,10-21164_pomjlifesci-493,22,22,MARIA ANTONINA LIGOCKA,https://orcid.org/0000-0003-3955-0774,https://doi.org/10.21164/pomjlifesci.493,Wpływ muzyki popularnej na odbiór emocjonalny materiału obrazowego u młodzieży gimnazjalnej,2018-12-20,Pomeranian Journal of Life Sciences,MARIA_ANTONINA_LIGOCKA_4,False,9.0,False,D:\data\ranking\pdfs\v1-1\10-21164_pomjlifesci-493.pdf
3146,10-21248_zaspil-64-2020-571,117,117,Ewa Maria Haman,https://orcid.org/0000-0003-1615-711X,https://doi.org/10.21248/zaspil.64.2020.571,Polish MAIN: how was it developed and how has it been used so far?,2020-08-31,ZAS Papers in Linguistics,Ewa_Maria_Haman_4,False,13.0,False,D:\data\ranking\pdfs\v1-1\10-21248_zaspil-64-2020-571.pdf
3148,10-21307_ane-2018-010,401,404,Agnieszka Patrycja Pluta,https://orcid.org/0000-0002-4684-1919,https://doi.org/10.21307/ane-2018-010,The relationship between alpha burst activity and the default mode network,2018,Acta Neurobiologiae Experimentalis,Agnieszka_Patrycja_Pluta_18,False,22.0,True,D:\data\ranking\pdfs\v1-1\10-21307_ane-2018-010.pdf
3149,10-21307_ane-2019-036,171,171,Grzegorz Króliczak,https://orcid.org/0000-0001-6121-0536,https://doi.org/10.21307/ane-2019-036,When is the brain ready for mental actions? Readiness potential for mental calculations,2019,Acta Neurobiologiae Experimentalis,Grzegorz_Króliczak_9,False,13.0,True,D:\data\ranking\pdfs\v1-1\10-21307_ane-2019-036.pdf
3160,10-21697_seb-2020-18-4-03,44,44,Lada Kaliská,https://orcid.org/0000-0001-9700-5980,https://doi.org/10.21697/seb.2020.18.4.03,Man´s attitude towards nature and animal respect questionnaire (AniRe-Que),2020,Studia Ecologiae et Bioethicae,Lada_Kaliská_2,False,10.0,True,D:\data\ranking\pdfs\v1-1\10-21697_seb-2020-18-4-03.pdf
3161,10-21697_snr-2018-49-4-01,31,31,Anna Małgorzata Czyżkowska,https://orcid.org/0000-0002-8695-2381,https://doi.org/10.21697/snr.2018.49.4.01,Wstęp,2018-12-31,Studia nad Rodziną,Anna_Małgorzata_Czyżkowska_5,False,2.0,False,D:\data\ranking\pdfs\v1-1\10-21697_snr-2018-49-4-01.pdf
3162,10-21697_snr-2018-49-4-05,30,30,Anna Małgorzata Czyżkowska,https://orcid.org/0000-0002-8695-2381,https://doi.org/10.21697/snr.2018.49.4.05,Uzależnienie od seksu z perspektywy teorii przywiązania,2018-12-31,Studia nad Rodziną,Anna_Małgorzata_Czyżkowska_4,False,29.0,False,D:\data\ranking\pdfs\v1-1\10-21697_snr-2018-49-4-05.pdf
3165,10-21697_sp-2018-18-1-01,86,86,Dominika Anna Karaś,https://orcid.org/0000-0002-9673-9402,https://doi.org/10.21697/sp.2018.18.1.01,Contemporary views on personal identity formation,2019-11-21,Studia Psychologica,Dominika_Anna_Karaś_3,False,21.0,False,D:\data\ranking\pdfs\v1-1\10-21697_sp-2018-18-1-01.pdf
3166,10-21697_sp-2018-18-1-02,474,474,Magdalena Żemojtel-Piotrowska,https://orcid.org/0000-0002-8017-8014,https://doi.org/10.21697/sp.2018.18.1.02,Measurement of narcissism: From classical applications to modern approaches,2018-01-01,Studia Psychologica,Magdalena_Żemojtel-Piotrowska_30,False,22.0,False,D:\data\ranking\pdfs\v1-1\10-21697_sp-2018-18-1-02.pdf
3171,10-21697_spch-2020-56-1-03,203,203,Jerzy Luty,https://orcid.org/0000-0002-2254-9526,https://doi.org/10.21697/spch.2020.56.1.03,Jak możliwa jest adaptacyjna analiza sztuki? Niektóre problemy metodologiczne estetyki ewolucyjnej,2020-03-31,Studia Philosophiae Christianae,Jerzy_Luty_5,False,24.0,False,D:\data\ranking\pdfs\v1-1\10-21697_spch-2020-56-1-03.pdf
3172,10-2174_1874350102013010101,107,107,Dawid Konrad Ścigała,https://orcid.org/0000-0003-1409-5218,https://doi.org/10.2174/1874350102013010101,The Relationship Between Personality Traits and Coping Strategies in a Sample of Siblings of People With and Without Intellectual Disability: The Mediating Role of Sibling Relationship Quality,11/06/2020,The Open Psychology Journal,Dawid_Konrad_Ścigała_9,False,11.0,True,D:\data\ranking\pdfs\v1-1\10-2174_1874350102013010101.pdf
3175,10-21852_sem-2019-2-08,64,64,Jerzy Smoleń,https://orcid.org/0000-0003-1655-1248,https://doi.org/10.21852/sem.2019.2.08,Pielgrzymowanie jako czynnik rozwoju człowieka,2019-09,Seminare. Poszukiwania naukowe,Jerzy_Smoleń_2,False,15.0,False,D:\data\ranking\pdfs\v1-1\10-21852_sem-2019-2-08.pdf
3185,10-2196_14584,10,10,Anna Teresa Bokszczanin,https://orcid.org/0000-0002-0499-8133,https://doi.org/10.2196/14584,"Comparison of Housing First and Traditional Homeless Service Users in Eight European Countries: Protocol for a Mixed Methods, Multi-Site Study",2020-02-05,JMIR Research Protocols,Anna_Teresa_Bokszczanin_6,False,3.0,False,D:\data\ranking\pdfs\v1-1\10-2196_14584.pdf
3187,10-22432_pjsr-2017-14-04,242,242,Robert Poklek,https://orcid.org/0000-0002-4727-8806,https://doi.org/10.22432/pjsr.2017.14.04,Badania osobopoznawcze w penitencjarystyce,2017,RESOCJALIZACJA POLSKA / POLISH JOURNAL OF SOCIAL REHABILITATION,Robert_Poklek_7,False,17.0,False,D:\data\ranking\pdfs\v1-1\10-22432_pjsr-2017-14-04.pdf
3188,10-22432_pjsr-2020-19-10,425,425,Andrzej Piotrowski,https://orcid.org/0000-0003-1192-2695,https://doi.org/10.22432/pjsr.2020.19.10,"Foreigners in prisons in Italy, Poland and Hungary in the context of the great contemporary migration",2020,Resocjalizacja Polska,Andrzej_Piotrowski_9,False,14.0,False,D:\data\ranking\pdfs\v1-1\10-22432_pjsr-2020-19-10.pdf
3189,10-22432_pjsr-2021-21-03,190,190,Joanna Weronika Główczewska,https://orcid.org/0000-0002-9101-0380,https://doi.org/10.22432/pjsr.2021.21.03,Możliwości oddziaływań terapeutycznych wobec osób stosujących przemoc w rodzinie w warunkach izolacji więziennej,2021,Resocjalizacja Polska,Joanna_Weronika_Główczewska_1,False,27.0,False,D:\data\ranking\pdfs\v1-1\10-22432_pjsr-2021-21-03.pdf
3190,10-22432_pjsr-2021-21-21,59,59,Wiola Friedrich,https://orcid.org/0000-0001-7072-2605,https://doi.org/10.22432/pjsr.2021.21.21,A Polish adaptation of Self-Stigma of Individuals with Criminal Records - SSICR,2021-09-24,Resocjalizacja Polska,Wiola_Friedrich_1,False,18.0,False,D:\data\ranking\pdfs\v1-1\10-22432_pjsr-2021-21-21.pdf
3191,10-23986_afsci-60516,29,29,Tomasz Niemiec,https://orcid.org/0000-0001-5838-042X,https://doi.org/10.23986/afsci.60516,"Nutritive value and meat quality of domestic cattle (bos taurus), zubron (bos taurus × bison bonasus) and European bison (bison bonasus) meat",2017,Agricultural and Food Science,Tomasz_Niemiec_9,False,11.0,False,D:\data\ranking\pdfs\v1-1\10-23986_afsci-60516.pdf
3194,10-24335_s15q-vj45,70,70,Kalina Kosacka,https://orcid.org/0000-0002-5783-3332,https://doi.org/10.24335/s15q-vj45,Osobowościowe uwarunkowania dynamiki wypowiedzi o emocjach,2021,Logopedia 50-1 2021,Kalina_Kosacka_1,False,19.0,False,D:\data\ranking\pdfs\v1-1\10-24335_s15q-vj45.pdf
3206,10-24425_ppb-2019-126022,3,3,Łukasz Baka,https://orcid.org/0000-0003-1173-9874,https://doi.org/10.24425/ppb.2019.126022,Can job control be counterproductive? The moderation effect of the Dark Triad and job control on job stressor – counterproductive work behavior link,2019,Polish Psychological Bulletin,Łukasz_Baka_4,False,17.0,False,D:\data\ranking\pdfs\v1-1\10-24425_ppb-2019-126022.pdf
3264,10-26565_2225-7756-2021-71-09,135,135,Svitlana Symonenko,https://orcid.org/0000-0001-5491-6637,https://doi.org/10.26565/2225-7756-2021-71-09,Structural-Integrated 3D Model of a Teacher-Organizer Professional Identity in Conditions of Recreation Institution,2021-12-27,Visnyk of V. N. Karazin Kharkiv National University. A Series of Psychology,Svitlana_Symonenko_1,False,11.0,True,D:\data\ranking\pdfs\v1-1\10-26565_2225-7756-2021-71-09.pdf
3269,10-26881_maes-2019-1-11,186,186,Agnieszka Magdalena Fanslau,https://orcid.org/0000-0002-3081-3235,https://doi.org/10.26881/maes.2019.1.11,Do good old philosophical values work today? Polish students' value priorities in 2006 and 2017 - a comparative study,2019,Miscellanea Anthropologica et Sociologica,Agnieszka_Magdalena_Fanslau_4,False,12.0,False,D:\data\ranking\pdfs\v1-1\10-26881_maes-2019-1-11.pdf
3292,10-31261_ijrel-2018-5-2-04,230,230,Elżbieta Anna Sanecka,https://orcid.org/0000-0003-3401-2782,https://doi.org/10.31261/ijrel.2018.5.2.04,"Procrastination in Blended Learning The Role of General Self-efficacy, and Active and Passive Procrastination",2019,International Journal of Research in E-learning,Elżbieta_Anna_Sanecka_4,False,74.0,False,D:\data\ranking\pdfs\v1-1\10-31261_ijrel-2018-5-2-04.pdf
3317,10-32614_rj-2021-062,52,52,Giuseppe Leonardi,https://orcid.org/0000-0003-0159-4851,https://doi.org/10.32614/rj-2021-062,Unidimensional and Multidimensional Methods for Recurrence Quantification Analysis with crqa,2021,The R Journal,Giuseppe_Leonardi_1,False,19.0,False,D:\data\ranking\pdfs\v1-1\10-32614_rj-2021-062.pdf
3324,10-32872_spb-v14i1-33507,153,153,Eugenia Mandal,https://orcid.org/0000-0003-1125-1756,https://doi.org/10.32872/spb.v14i1.33507,Contingencies of Self-Worth and Global Self-Esteem Among College Women: The Role of Masculine and Feminine Traits Endorsement,2019-11-13,Social Psychological Bulletin,Eugenia_Mandal_7,False,31.0,True,D:\data\ranking\pdfs\v1-1\10-32872_spb-v14i1-33507.pdf
3331,10-33119_sd-2018-1-1,216,216,Monika Anna Mynarska,https://orcid.org/0000-0002-9702-6009,https://doi.org/10.33119/sd.2018.1.1,"Niepotrzebna formalność czy brak zaangażowania – jak postrzegane są motywy par, które nie decydują się na związek małżeński?",2018-07-09,Studia Demograficzne,Monika_Anna_Mynarska_11,False,16.0,False,D:\data\ranking\pdfs\v1-1\10-33119_sd-2018-1-1.pdf
3332,10-33119_sd-2018-2-2,215,215,Monika Anna Mynarska,https://orcid.org/0000-0002-9702-6009,https://doi.org/10.33119/sd.2018.2.2,Short-term fertility intentions and their realisation in Poland,2018-12-03,Studia Demograficzne,Monika_Anna_Mynarska_10,False,12.0,False,D:\data\ranking\pdfs\v1-1\10-33119_sd-2018-2-2.pdf
3335,10-3389_conf-fnins-2018-95-00056,606,609,Pamela Villar Gonzalez,https://orcid.org/0000-0002-7987-1380,https://doi.org/10.3389/conf.fnins.2018.95.00056,Relationship between cerebral amyloid burden and cerebral microstructure measured by quantitative MRI in healthy aging,2018,Frontiers in Neuroscience,Pamela_Villar_Gonzalez_5,False,3.0,True,D:\data\ranking\pdfs\v1-1\10-3389_conf-fnins-2018-95-00056.pdf
3429,10-34766_fetr-v1i37-43,320,320,Maria Ryś,https://orcid.org/0000-0003-4287-1261,https://doi.org/10.34766/fetr.v1i37.43,Psychologiczne aspekty dojrzałości młodych do małżeństwa. Skala Dojrzałości Psychicznej do Małżeństwa SKALDOM II,2019-03-30,Kwartalnik Naukowy Fides et Ratio,Maria_Ryś_12,False,26.0,False,D:\data\ranking\pdfs\v1-1\10-34766_fetr-v1i37-43.pdf
3430,10-34766_fetr-v1i37-44,16,16,Natalia Czyżowska,https://orcid.org/0000-0003-2597-5608,https://doi.org/10.34766/fetr.v1i37.44,Związek intymny szansą na dobre życie osób w okresie wyłaniającej się dorosłości,2019-03-30,Quarterly Journal Fides et Ratio,Natalia_Czyżowska_9,False,18.0,False,D:\data\ranking\pdfs\v1-1\10-34766_fetr-v1i37-44.pdf
3431,10-34766_fetr-v1i37-61,429,429,Waldemar Tomasz Woźniak,https://orcid.org/0000-0003-1560-6489,https://doi.org/10.34766/fetr.v1i37.61,Profil psychospołeczny wychowanków zakładów poprawczych w kontekście programowania oddziaływań resocjalizacyjnych,2019-03-30,Kwartalnik Naukowy Fides et Ratio,Waldemar_Tomasz_Woźniak_5,False,11.0,False,D:\data\ranking\pdfs\v1-1\10-34766_fetr-v1i37-61.pdf
3432,10-34766_fetr-v2i38-82,15,15,Natalia Czyżowska,https://orcid.org/0000-0003-2597-5608,https://doi.org/10.34766/fetr.v2i38.82,Komunikacja zorientowana na pacjenta – ważny element wysokiej jakości opieki,2019-06-30,Kwartalnik Naukowy Fides et Ratio,Natalia_Czyżowska_8,False,9.0,False,D:\data\ranking\pdfs\v1-1\10-34766_fetr-v2i38-82.pdf
3433,10-34766_fetr-v2i38-85,115,115,Joanna Edyta Świderska,https://orcid.org/0000-0001-7439-2973,https://doi.org/10.34766/fetr.v2i38.85,Okazywanie czułości między rodzicami i dziećmi - w narracjach dzieci chorujących na białaczkę,01/08/2019,Kwartalnik Naukowy Fides et Ratio,Joanna_Edyta_Świderska_3,False,26.0,False,D:\data\ranking\pdfs\v1-1\10-34766_fetr-v2i38-85.pdf
3434,10-34766_fetr-v2i38-87,428,428,Waldemar Tomasz Woźniak,https://orcid.org/0000-0003-1560-6489,https://doi.org/10.34766/fetr.v2i38.87,Czynniki sprawcze zaburzonej komunikacji wśród więźniów,2019-06-30,Kwartalnik Naukowy Fides et Ratio,Waldemar_Tomasz_Woźniak_4,False,8.0,False,D:\data\ranking\pdfs\v1-1\10-34766_fetr-v2i38-87.pdf
3460,10-35765_hw-2168,55,55,Irmina Barbara Rostek,https://orcid.org/0000-0002-8254-8867,https://doi.org/10.35765/hw.2168,Editorial: Daily life during a pandemic,2021-10-26,Horyzonty Wychowania,Irmina_Barbara_Rostek_1,False,1.0,False,D:\data\ranking\pdfs\v1-1\10-35765_hw-2168.pdf
3464,10-35808_ersj_1669,160,160,Jolanta Kowal,https://orcid.org/0000-0002-6241-9603,https://doi.org/10.35808/ersj/1669,Innovation Capability Development in Regional Entrepreneurship: The Case of Economies in Transition,2020-11-01,EUROPEAN RESEARCH STUDIES JOURNAL,Jolanta_Kowal_1,False,27.0,False,D:\data\ranking\pdfs\v1-1\10-35808_ersj_1669.pdf
3465,10-35841_psychology-cognition-2-1-17-20,304,304,Michał Ziarko,https://orcid.org/0000-0002-7530-3167,https://doi.org/10.35841/psychology-cognition.2.1.17-20,The role of tomatis sound therapy in the treatment of difficulties in reading in children with developmental dyslexia.,2017,Journal of Psychology and Cognition,Michał_Ziarko_19,False,4.0,False,D:\data\ranking\pdfs\v1-1\10-35841_psychology-cognition-2-1-17-20.pdf
3466,10-35923_jes-2018-2-05,13,13,Danuta Bogumiła Borecka-Biernat,https://orcid.org/0000-0003-1401-9821,https://doi.org/10.35923/jes.2018.2.05,Aggressive Coping Strategy in Situations of Social Conflict. An Attempt to Determine Personality Predictor,2018,Journal of Educational Sciences,Danuta_Bogumiła_Borecka-Biernat_11,False,16.0,False,D:\data\ranking\pdfs\v1-1\10-35923_jes-2018-2-05.pdf
3470,10-36906_2311-4444_19-1_01,94,94,Hanna Liberska,https://orcid.org/0000-0003-4323-2090,https://doi.org/10.36906/2311-4444/19-1/01,Principle of cultural conformity in professional teacher training,2019-03-20,Bulletin of Nizhnevartovsk State University,Hanna_Liberska_4,False,6.0,False,D:\data\ranking\pdfs\v1-1\10-36906_2311-4444_19-1_01.pdf
3477,10-4324_9781003053620,123,123,Katarzyna Kucharska,https://orcid.org/0000-0002-6130-0520,https://doi.org/10.4324/9781003053620,Sustainable Development Goals and the Catholic Church,2020-10-12,Health care as a personal and social asset.,Katarzyna_Kucharska_9,False,52.0,False,D:\data\ranking\pdfs\v1-1\10-4324_9781003053620.pdf
3510,10-4467_20843879pr-20-015-12270,34,34,Kamil Jezierski,https://orcid.org/0000-0001-6935-4710,https://doi.org/10.4467/20843879pr.20.015.12270,"Recenzja książki: R. J. Sternberg & J. Glück (Eds.) (2019), The Cambridge handbook of wisdom. Cambridge University Press",2020,Psychologia Rozwojowa,Kamil_Jezierski_1,False,4.0,True,D:\data\ranking\pdfs\v1-1\10-4467_20843879pr-20-015-12270.pdf
3527,10-4467_25439561-np-18-037-9875,222,222,Aleksandra Parobkiewicz-Jasielska,https://orcid.org/0000-0001-7874-5086,https://doi.org/10.4467/25439561.np.18.037.9875,Pakiet zadań wymagających stosowania wiedzy o emocjach podstawowych-prezentacja narzędzia pomiarowego WE06,2018,Niepełnosprawność. Półrocznik naukowy,Aleksandra_Parobkiewicz-Jasielska_17,False,24.0,False,D:\data\ranking\pdfs\v1-1\10-4467_25439561-np-18-037-9875.pdf
3528,10-4467_25439561-np-19-038-12281,77,77,Marta Justyna Kucharska-Hauk,https://orcid.org/0000-0002-5004-7275,https://doi.org/10.4467/25439561.np.19.038.12281,Doświadczanie ciąży z wadą wrodzoną a więź matki z dzieckiem prenatalnym,2019,Niepełnosprawność. Dyskursy pedagogiki specjalnej,Marta_Justyna_Kucharska-Hauk_3,False,15.0,False,D:\data\ranking\pdfs\v1-1\10-4467_25439561-np-19-038-12281.pdf
3529,10-4467_25442554-mbk-17-004-7651,241,241,Magdalena Iwanowska,https://orcid.org/0000-0002-0878-9523,https://doi.org/10.4467/25442554.mbk.17.004.7651,"Projekt ""Zrozumieć Sierpień"" jako przykład wdrożenia koncepcji audience development",2017,Media - Biznes - Kultura. Dziennikarstwo i komunikacja spoleczna,Magdalena_Iwanowska_5,False,12.0,False,D:\data\ranking\pdfs\v1-1\10-4467_25442554-mbk-17-004-7651.pdf
3532,10-4992_pacjpa-81-0_2b-008,482,482,Magdalena Żemojtel-Piotrowska,https://orcid.org/0000-0002-8017-8014,https://doi.org/10.4992/pacjpa.81.0_2b-008,Interdependent Happiness and Flourishing,2017-09,The Proceedings of the Annual Convention of the Japanese Psychological Association,Magdalena_Żemojtel-Piotrowska_38,False,1.0,False,D:\data\ranking\pdfs\v1-1\10-4992_pacjpa-81-0_2b-008.pdf
3533,10-4992_pacjpa-83-0_1d-016,462,462,Magdalena Żemojtel-Piotrowska,https://orcid.org/0000-0002-8017-8014,https://doi.org/10.4992/pacjpa.83.0_1d-016,Hedonic and transcendental dimensions of well-being: Three country comparison.,2019-09-11,The Proceedings of the Annual Convention of the Japanese Psychological Association,Magdalena_Żemojtel-Piotrowska_18,False,1.0,False,D:\data\ranking\pdfs\v1-1\10-4992_pacjpa-83-0_1d-016.pdf
3539,10-5114_aoms_128102,2,2,Jarosław Bogaczewicz,https://orcid.org/0000-0002-6728-8198,https://doi.org/10.5114/aoms/128102,Interplay between IL-17 family members and angiogenic cytokines in subjects with systemic sclerosis.,2021-03-21,Archives of Medical Science,Jarosław_Bogaczewicz_2,False,27.0,False,D:\data\ranking\pdfs\v1-1\10-5114_aoms_128102.pdf
3570,10-5114_ppn-2019-92485,120,120,Paulina Michalska,https://orcid.org/0000-0003-2179-0307,https://doi.org/10.5114/ppn.2019.92485,Type D personality and post-traumatic stress symptoms in adolescents - the mediating role of resilience = Osobowość typu D a objawy zespołu stresu pourazowego u młodzieży - mediacyjna rola prężności,2019,Postępy Psychiatrii i Neurologii,Paulina_Michalska_8,False,10.0,True,D:\data\ranking\pdfs\v1-1\10-5114_ppn-2019-92485.pdf
3585,10-5603_psych-2020-0002,147,147,Janina Jolanta Ogińska-Bulik,https://orcid.org/0000-0001-8868-407X,https://doi.org/10.5603/psych.2020.0002,Negatywne i pozytywne konsekwencje ekspozycji na traumę u studentów obcokrajowców studiujących na Uniwersytecie Łódzkim = Negative and positive consequences of trauma exposure in foreign students studying at the University of Łodz,2020,Psychiatria,Janina_Jolanta_Ogińska-Bulik_10,False,9.0,False,D:\data\ranking\pdfs\v1-1\10-5603_psych-2020-0002.pdf
3587,10-5604_01-3001-0010-5589,366,366,Marta Łockiewicz,https://orcid.org/0000-0002-7461-8503,https://doi.org/10.5604/01.3001.0010.5589,"Polish as L1, English as L2: the linguistic transfer impact on Second Language Acquisition stemming from the interlingual differences: implications for young learners education",2017,Issues in Early Education,Marta_Łockiewicz_17,False,9.0,False,D:\data\ranking\pdfs\v1-1\10-5604_01-3001-0010-5589.pdf
3608,10-6007_ijarbss_v8-i3_3940,70,70,Jarosław Grobelny,https://orcid.org/0000-0003-4296-402X,https://doi.org/10.6007/ijarbss/v8-i3/3940,Narrative Gamification as a Method of Increasing Sales Performance: A Field Experimental Study,2018-04,International Journal of Academic Research in Business and Social Sciences,Jarosław_Grobelny_6,False,13.0,True,D:\data\ranking\pdfs\v1-1\10-6007_ijarbss_v8-i3_3940.pdf
3898,10-1037_amp0000666,463,463,Marta Jackowska,https://orcid.org/0000-0002-2930-0483,https://doi.org/10.1037/amp0000666,Optimism Versus Pessimism as Predictors of Physical Health: A Comprehensive Reanalysis of Dispositional Optimism Research,2020-09-24,American Psychologist,Marta_Jackowska_1,False,65.0,False,D:\data\ranking\pdfs\v1-2\10-1037_amp0000666.pdf
3899,10-1037_hea0000728,842,842,Ralf Schwarzer,https://orcid.org/0000-0002-0069-3826,https://doi.org/10.1037/hea0000728,A meta-analysis of the health action process approach.,2019-07,Health Psychology,Ralf_Schwarzer_10,False,71.0,True,D:\data\ranking\pdfs\v1-2\10-1037_hea0000728.pdf
3925,10-13075_ijomeh-1896-01406,192,192,Agata Chudzicka-Czupała,https://orcid.org/0000-0002-6517-5018,https://doi.org/10.13075/ijomeh.1896.01406,The severity of work-related stress and an assessment of the areas of worklife in the service sector,2019,International Journal of Occupational Medicine and Environmental Health,Agata_Chudzicka-Czupała_7,False,16.0,True,D:\data\ranking\pdfs\v1-2\10-13075_ijomeh-1896-01406.pdf
3933,10-1371_journal-pone-0241464,233,233,Marzena Aneta Cypryańska-Nezlek,https://orcid.org/0000-0001-9234-5628,https://doi.org/10.1371/journal.pone.0241464,Anxiety as a mediator of relationships between perceptions of the threat of COVID-19 and coping behaviors during the onset of the pandemic in Poland,2020-10-30,PLOS ONE,Marzena_Aneta_Cypryańska-Nezlek_4,False,16.0,False,D:\data\ranking\pdfs\v1-2\10-1371_journal-pone-0241464.pdf
3934,10-1371_journal-pone-0243056,190,190,Agata Chudzicka-Czupała,https://orcid.org/0000-0002-6517-5018,https://doi.org/10.1371/journal.pone.0243056,Work safety climate. Comparison of selected occupational groups,2020,PLoS ONE,Agata_Chudzicka-Czupała_5,False,19.0,False,D:\data\ranking\pdfs\v1-2\10-1371_journal-pone-0243056.pdf
3935,10-1371_journal-pone-0247814,648,648,Błażej Stanisław Mroziński,https://orcid.org/0000-0002-5423-2291 ,https://doi.org/10.1371/journal.pone.0247814,Opposite associations of collective narcissism and in-group satisfaction with intergroup aggression via belief in the hedonistic function of revenge,2021-03-10,PLoS ONE,Błażej_Stanisław_Mroziński_1,False,12.0,False,D:\data\ranking\pdfs\v1-2\10-1371_journal-pone-0247814.pdf
3936,10-1371_journal-pone-0253145,188,188,Agata Chudzicka-Czupała,https://orcid.org/0000-0002-6517-5018,https://doi.org/10.1371/journal.pone.0253145,Relationships between work ethic and motivation to work from the point of view of the self-determination theory,2021-07-01,PLOS ONE,Agata_Chudzicka-Czupała_3,False,17.0,False,D:\data\ranking\pdfs\v1-2\10-1371_journal-pone-0253145.pdf
3937,10-1371_journal-pone-0253729,948,948,Jerzy Stefan Trzebiński,https://orcid.org/0000-0003-3948-1676,https://doi.org/10.1371/journal.pone.0253729,The impact of the narrative mindset on effectivity in social problem solving,2021-07-01,PLOS ONE,Jerzy_Stefan_Trzebiński_1,False,25.0,False,D:\data\ranking\pdfs\v1-2\10-1371_journal-pone-0253729.pdf
3938,10-1371_journal-pone-0254163,762,762,Konrad Marcin Piotrowski,https://orcid.org/0000-0001-9752-510X ,https://doi.org/10.1371/journal.pone.0254163,How many parents regret having children and how it is linked to their personality and health: Two studies with national samples in Poland,2021-07-21,PLOS ONE,Konrad_Marcin_Piotrowski_2,False,25.0,False,D:\data\ranking\pdfs\v1-2\10-1371_journal-pone-0254163.pdf
3939,10-1371_journal-pone-0255491,511,511,Maciej Kościelniak,https://orcid.org/0000-0003-3452-864X,https://doi.org/10.1371/journal.pone.0255491,Changes in values and well-being amidst the COVID-19 pandemic in Poland,2021-09-15,PLOS ONE,Maciej_Kościelniak_1,False,14.0,False,D:\data\ranking\pdfs\v1-2\10-1371_journal-pone-0255491.pdf
3940,10-1371_journal-pone-0261384,1084,1084,Mariusz Zięba,https://orcid.org/0000-0002-3492-2236,https://doi.org/10.1371/journal.pone.0261384,The role of social connection on the experience of COVID-19 related post-traumatic growth and stress,2021-12-15,PLOS ONE,Mariusz_Zięba_2,False,26.0,False,D:\data\ranking\pdfs\v1-2\10-1371_journal-pone-0261384.pdf
3941,10-1371_journal-pone-0261648,277,277,Dariusz Antoni Doliński,https://orcid.org/0000-0002-4225-4258,https://doi.org/10.1371/journal.pone.0261648,Active pro-vaccine and anti-vaccine groups: Their group identities and attitudes toward science ,2021-12-30,PLOS ONE,Dariusz_Antoni_Doliński_7,False,15.0,False,D:\data\ranking\pdfs\v1-2\10-1371_journal-pone-0261648.pdf
3944,10-14691_CPPJ-24-3-627,43,43,Jakub Aleksander Filipkowski,https://orcid.org/0000-0002-1801-8001,https://doi.org/10.14691/CPPJ.24.3.627,"Motywacja osiągnięć, ciemna triada i zaangażowanie w pracę jako korelaty zachowań kontrproduktywnych",unrecovered,Czasopismo Psychologiczne / Psychological Journal,Jakub_Aleksander_Filipkowski_6,False,14.0,True,D:\data\ranking\pdfs\v1-2\10-14691_CPPJ-24-3-627.pdf
3975,10-17431_882785,388,391,Agnieszka Patrycja Pluta,https://orcid.org/0000-0002-4684-1919,https://doi.org/10.17431/882785,Effects of Auditory Stimulation Therapy (SPS-S) in childrenwith auditory attention deficits and central auditoryprocessing disorder,2020,Nowa Audiofonologia,Agnieszka_Patrycja_Pluta_34,False,8.0,False,D:\data\ranking\pdfs\v1-2\10-17431_882785.pdf
3976,10-17431_890042,386,389,Agnieszka Patrycja Pluta,https://orcid.org/0000-0002-4684-1919,https://doi.org/10.17431/890042,Altered pattern of resting bioelectrical activity in childrendiagnosed with dyslexia,2020,Nowa Audiofonologia,Agnieszka_Patrycja_Pluta_32,False,8.0,False,D:\data\ranking\pdfs\v1-2\10-17431_890042.pdf
3990,10-18564_jasss-4178,442,442,Katarzyna Growiec,https://orcid.org/0000-0002-4448-2561,https://doi.org/10.18564/jasss.4178,"Emergence of small-world networks in an overlapping-generations model of social dynamics, trust and economic performance",2020,JASSS,Katarzyna_Growiec_3,False,26.0,False,D:\data\ranking\pdfs\v1-2\10-18564_jasss-4178.pdf
3992,10-21307_ane-2021-012,66,66,Marek Henryk Binder,https://orcid.org/0000-0002-2066-6198,https://doi.org/10.21307/ane-2021-012,Brain activity underlying response induced by SNARC-congruent and SNARC-incongruent stimuli,2021,Acta Neurobiologiae Experimentalis,Marek_Henryk_Binder_21,False,20.0,True,D:\data\ranking\pdfs\v1-2\10-21307_ane-2021-012.pdf
3993,10-21307_ane-2021-017,9,9,Artur Daren,https://orcid.org/0000-0003-1851-9911,https://doi.org/10.21307/ane-2021-017,The neural substrates of diminished humor comprehension in schizophrenia and its relationship with psychopathology,2021-05,Acta Neurobiologiae Experimentalis,Artur_Daren_1,False,10.0,True,D:\data\ranking\pdfs\v1-2\10-21307_ane-2021-017.pdf
3996,10-2196_21445,208,208,Roman Sławomir Cieślak,https://orcid.org/0000-0002-2413-5343,https://doi.org/10.2196/21445,Resource-Based Internet Intervention (Med-Stress) to Improve Well-Being Among Medical Professionals: Randomized Controlled Trial,2021-01-11,Journal of Medical Internet Research,Roman_Sławomir_Cieślak_2,False,51.0,True,D:\data\ranking\pdfs\v1-2\10-2196_21445.pdf
4014,10-26417_ejes-v4i2-p35-40,202,202,Agata Chudzicka-Czupała,https://orcid.org/0000-0002-6517-5018,https://doi.org/10.26417/ejes.v4i2.p35-40,Occupational Burnout as a Consequence of Workaholism – An Outline of the Problem Based on Studies of Polish Women Running Their Own Business Activity,2018-07,European Journal of Economics and Business Studies,Agata_Chudzicka-Czupała_17,False,8.0,True,D:\data\ranking\pdfs\v1-2\10-26417_ejes-v4i2-p35-40.pdf
4057,10-36921_kos-2020_2626,521,521,Natalia Kowalczyk-Grębska,https://orcid.org/0000-0002-2294-5529,https://doi.org/10.36921/kos.2020_2626,Gry wideo a zmiany strukturalne mózgu,2020-04-11,Kosmos,Natalia_Kowalczyk-Grębska_3,False,9.0,False,D:\data\ranking\pdfs\v1-2\10-36921_kos-2020_2626.pdf
