name,orcid,link,date,journal,id
Karolina Zofia Czernecka,https://orcid.org/0000-0002-2971-9591,https://doi.org/10.34766/fetr.v47i3.847,2021,Fides et Ratio,Karolina_Zofia_Czernecka_1
Karolina Zofia Czernecka,https://orcid.org/0000-0002-2971-9591,https://doi.org/10.1007/s12144-021-01769-6,2021-05-03,Current Psychology,Karolina_Zofia_Czernecka_2
Karolina Zofia Czernecka,https://orcid.org/0000-0002-2971-9591,https://doi.org/10.24425/ppb.2019.126016,2019,Polish Psychological Bulletin,Karolina_Zofia_Czernecka_3
Karolina Zofia Czernecka,https://orcid.org/0000-0002-2971-9591,https://doi.org/10.24425/124344,2018,Polish Psychological Bulletin,Karolina_Zofia_Czernecka_4
Karolina Zofia Czernecka,https://orcid.org/0000-0002-2971-9591,Neuropsychologiczne aspekty percepcji muzyki,2018,Res Facta Nova,Karolina_Zofia_Czernecka_5
Karolina Zofia Czernecka,https://orcid.org/0000-0002-2971-9591,https://doi.org/10.5114/cipp.2018.72268,2017,Current Issues in Personality Psychology,Karolina_Zofia_Czernecka_6
Ewa Barbara Czerwińska-Jakimiuk,https://orcid.org/0000-0003-2367-7965,Agresja w perspektywie psychologicznej i filozoficznej : przegląd wybranych teorii ,2020,"Argument. Biannual Philosophical Journal Vol. 10, nr 1, s. 197-212",Ewa_Barbara_Czerwińska-Jakimiuk_1
Ewa Barbara Czerwińska-Jakimiuk,https://orcid.org/0000-0003-2367-7965, Perspektywy życiowe u uczniów szkoły ponadgimnazjalnej i ich sytuacyjne i osobowościowe korelaty,2019,"Biblioteka Współczesnej Myśli Pedagogicznej. - 2019, T. 8, s. 79-90",Ewa_Barbara_Czerwińska-Jakimiuk_2
Natalia Czyżowska,https://orcid.org/0000-0003-2597-5608,https://doi.org/10.34766/fetr.v48i4.921,2021-12-30,Quarterly Journal Fides et Ratio,Natalia_Czyżowska_1
Natalia Czyżowska,https://orcid.org/0000-0003-2597-5608,https://doi.org/10.3390/ijerph18062890,2021-12-03,International Journal of Environmental Research and Public Health,Natalia_Czyżowska_2
Natalia Czyżowska,https://orcid.org/0000-0003-2597-5608,https://doi.org/10.3390/ijerph18189714,2021-09-15,International Journal of Environmental Research and Public Health,Natalia_Czyżowska_3
Natalia Czyżowska,https://orcid.org/0000-0003-2597-5608,Edukacja moralna - koncepcje i badania ,2020,Public Policy Studies,Natalia_Czyżowska_4
Natalia Czyżowska,https://orcid.org/0000-0003-2597-5608,https://doi.org/10.1080/13617672.2020.1746878,2020-10-01,Journal of Beliefs & Values,Natalia_Czyżowska_5
Natalia Czyżowska,https://orcid.org/0000-0003-2597-5608,https://doi.org/10.5114/hpr.2020.93768,2020-03-17,Health Psychology Report,Natalia_Czyżowska_6
Natalia Czyżowska,https://orcid.org/0000-0003-2597-5608,https://doi.org/10.3390/ijerph16224447,2019-11-13,International Journal of Environmental Research and Public Health,Natalia_Czyżowska_7
Natalia Czyżowska,https://orcid.org/0000-0003-2597-5608,https://doi.org/10.34766/fetr.v2i38.82,2019-06-30,Kwartalnik Naukowy Fides et Ratio,Natalia_Czyżowska_8
Natalia Czyżowska,https://orcid.org/0000-0003-2597-5608,https://doi.org/10.34766/fetr.v1i37.44,2019-03-30,Quarterly Journal Fides et Ratio,Natalia_Czyżowska_9
Natalia Czyżowska,https://orcid.org/0000-0003-2597-5608,Opieka skoncentrowana na godności jako odpowiedź na potrzeby osób u kresu życia,2018,Quaterly Journal Fides et Ratio,Natalia_Czyżowska_10
Natalia Czyżowska,https://orcid.org/0000-0003-2597-5608,https://doi.org/10.7494/human.2018.17.3.7,2018,Studia Humanistyczne AGH,Natalia_Czyżowska_11
Natalia Czyżowska,https://orcid.org/0000-0003-2597-5608,W poszukiwaniu atrybutów dobrej śmierci ,2018,Quaterly Journal Fides et Ratio,Natalia_Czyżowska_12
Malwina Dankiewicz,https://orcid.org/0000-0002-6511-7686,https://doi.org/10.3389/fpsyg.2020.00559,2020,Frontiers in Psychology,Malwina_Dankiewicz_1
Malwina Dankiewicz,https://orcid.org/0000-0002-6511-7686,https://doi.org/10.24917/20845596.12.12,2019-12-01,Annales Universitatis Paedagogicae Cracoviensis. Studia Psychologica,Malwina_Dankiewicz_2
Monika Derda,https://orcid.org/0000-0002-3207-9644,https://doi.org/10.1093/nc/niab009,2021-02-10,Neuroscience of Consciousness,Monika_Derda_1
Monika Derda,https://orcid.org/0000-0002-3207-9644,https://doi.org/10.1016/j.concog.2019.102767,2019,Consciousness and Cognition,Monika_Derda_2
Monika Derda,https://orcid.org/0000-0002-3207-9644,https://doi.org/10.1016/j.concog.2017.07.010,2017,Consciousness and Cognition,Monika_Derda_3
Joanna Maria Fryt,https://orcid.org/0000-0003-1265-2236,https://doi.org/10.1002/cad.20431,2021-09,New Directions for Child and Adolescent Development,Joanna_Maria_Fryt_1
Joanna Maria Fryt,https://orcid.org/0000-0003-1265-2236,https://doi.org/10.1007/s12144-021-01769-6,2021-05-03,Current Psychology,Joanna_Maria_Fryt_2
Agnieszka Fudali-Czyż,https://orcid.org/0000-0002-6769-2975,https://doi.org/10.18290/rpsych20234-6,2021-03-19,Roczniki Psychologiczne,Agnieszka_Fudali-Czyż_1
Agnieszka Fudali-Czyż,https://orcid.org/0000-0002-6769-2975,Employability of University Students: Introduction of the Concept and the Psychometric Properties of the Polish Self-Perceived Employability Scale,2021-01-27,Educational Studies Review,Agnieszka_Fudali-Czyż_2
Agnieszka Fudali-Czyż,https://orcid.org/0000-0002-6769-2975,https://doi.org/10.5709/acp-0292-z,2020-06,Advances in Cognitive Psychology,Agnieszka_Fudali-Czyż_3
Agnieszka Fudali-Czyż,https://orcid.org/0000-0002-6769-2975,https://doi.org/10.1515/ctra-2019-0011,2019-12-01,Creativity. Theories – Research - Applications,Agnieszka_Fudali-Czyż_4
Agnieszka Fudali-Czyż,https://orcid.org/0000-0002-6769-2975,https://doi.org/10.1177/0301006619861882,2019-08,Perception,Agnieszka_Fudali-Czyż_5
Agnieszka Fudali-Czyż,https://orcid.org/0000-0002-6769-2975,https://doi.org/10.1007/s10111-018-0534-7,2018-11,"Cognition, Technology & Work",Agnieszka_Fudali-Czyż_6
Agnieszka Fudali-Czyż,https://orcid.org/0000-0002-6769-2975,https://doi.org/10.3389/fpsyg.2018.01972,2018-10,Frontiers in Psychology,Agnieszka_Fudali-Czyż_7
Agnieszka Fudali-Czyż,https://orcid.org/0000-0002-6769-2975,https://doi.org/10.3357/amhp.5042.2018,2018-10-01,Aerospace Medicine and Human Performance,Agnieszka_Fudali-Czyż_8
Agnieszka Fudali-Czyż,https://orcid.org/0000-0002-6769-2975,https://doi.org/10.1080/24721840.2018.1486195,2018-04-03,The International Journal of Aerospace Psychology,Agnieszka_Fudali-Czyż_9
Joanna Ganczarek,https://orcid.org/0000-0002-7522-2076,https://doi.org/10.1016/j.poetic.2021.101537,2021-08,Poetics,Joanna_Ganczarek_1
Joanna Ganczarek,https://orcid.org/0000-0002-7522-2076,https://doi.org/10.1002/pchj.365,2020-08-27,PsyCh Journal,Joanna_Ganczarek_2
Joanna Ganczarek,https://orcid.org/0000-0002-7522-2076,https://doi.org/10.1007/s10339-018-0861-x,2018,Cognitive Processing,Joanna_Ganczarek_3
Natalia Maja Józefacka,https://orcid.org/0000-0002-1674-3760,https://doi.org/10.3390/ijerph17228308,2020-11,International Journal of Environmental Research and Public Health,Natalia_Maja_Józefacka_1
Julia Kaleńska-Rodzaj,https://orcid.org/0000-0001-7202-7606,https://doi.org/10.1177/0305735620961154,2021-11-08,Psychology of Music,Julia_Kaleńska-Rodzaj_1
Julia Kaleńska-Rodzaj,https://orcid.org/0000-0001-7202-7606,https://doi.org/10.1177/1321103x19830098,2020-04,Research Studies in Music Education,Julia_Kaleńska-Rodzaj_2
Julia Kaleńska-Rodzaj,https://orcid.org/0000-0001-7202-7606,https://doi.org/10.24425/119499,2018,Polish Psychological Bulletin,Julia_Kaleńska-Rodzaj_3
Julia Kaleńska-Rodzaj,https://orcid.org/0000-0001-7202-7606,https://doi.org/10.14746/rfn.2018.19.1,2018-12-15,Res Facta Nova. Teksty o muzyce współczesnej,Julia_Kaleńska-Rodzaj_4
Lada Kaliská,https://orcid.org/0000-0001-9700-5980,https://doi.org/10.1038/s41562-021-01173-x,2021,Nature Human Behaviour,Lada_Kaliská_1
Lada Kaliská,https://orcid.org/0000-0001-9700-5980,https://doi.org/10.21697/seb.2020.18.4.03,2020,Studia Ecologiae et Bioethicae,Lada_Kaliská_2
Lada Kaliská,https://orcid.org/0000-0001-9700-5980,https://doi.org/10.15452/psyx.2020.11.0010,2020,Psychologie a její¬ kontexty,Lada_Kaliská_3
Lada Kaliská,https://orcid.org/0000-0001-9700-5980,Editorial,2019,Školský psychológ,Lada_Kaliská_4
Lada Kaliská,https://orcid.org/0000-0001-9700-5980,https://doi.org/10.29333/ejecs/283,2019,Journal of Ethnic and Cultural Studies,Lada_Kaliská_5
Lada Kaliská,https://orcid.org/0000-0001-9700-5980,https://doi.org/10.15804/tner.2019.56.2.24,2019,The New Educational Review,Lada_Kaliská_6
Lada Kaliská,https://orcid.org/0000-0001-9700-5980,Rozvoj potencialít črtovej emociálnej inteligencie u školopovinných detí primárneho stupňa edukácie,2019,Školský psychológ,Lada_Kaliská_7
Lada Kaliská,https://orcid.org/0000-0001-9700-5980,Examination of the latent structure of DSM-5 posttraumatic stress disorder symptoms in Slovakia,2018,Psychiatry Research,Lada_Kaliská_8
Lada Kaliská,https://orcid.org/0000-0001-9700-5980,Komparácia a komplementarita dvoch koncepcií črtovej emocionálnej inteligencie v dvoch vývinových obdobiach,2018,Psychologie a její¬ kontexty,Lada_Kaliská_9
Lada Kaliská,https://orcid.org/0000-0001-9700-5980,Renate Motschnig & David Ryback. (2016). Transforming Communication in Leadership and Teamwork. Person-Centered Innovations,2018,Psychologie a její¬ kontexty,Lada_Kaliská_10
Lada Kaliská,https://orcid.org/0000-0001-9700-5980,Stretnutie psychológov a školských psychológov,2018,Spravodajca Univerzity Mateja Bela v Banskej Bystrici,Lada_Kaliská_11
Lada Kaliská,https://orcid.org/0000-0001-9700-5980,https://doi.org/10.1016/j.psychres.2018.06.028,2018-09,Psychiatry Research,Lada_Kaliská_12
Lada Kaliská,https://orcid.org/0000-0001-9700-5980,Editorial,2017,Školský psychológ,Lada_Kaliská_13
Alina Maria Kałużna-Wielobób,https://orcid.org/0000-0002-1921-8822,"The relationship between emotion regulation strategies, personality traits and skin picking behaviours in a non-clinical sample of Polish adults",2018,Psychiatry Research,Alina_Maria_Kałużna-Wielobób_1
Alina Maria Kałużna-Wielobób,https://orcid.org/0000-0002-1921-8822,The role of activation level and emotion regulation strategies in skin-picking behaviours: findings in non-clinical sample,2018,Journal of Obsessive-Compulsive and Related Disorders,Alina_Maria_Kałużna-Wielobób_2
Alina Maria Kałużna-Wielobób,https://orcid.org/0000-0002-1921-8822,"he community feeling versus anxiety, self-esteem and well-being - introductory research",2017,Polish Psychological Bulletin,Alina_Maria_Kałużna-Wielobób_3
Zinoviia Karpenko,https://orcid.org/0000-0002-0747-2591,https://doi.org/10.15330/ps.11.1.54-58,2021-06-30,Psychology of Personality,Zinoviia_Karpenko_1
Zinoviia Karpenko,https://orcid.org/0000-0002-0747-2591,https://doi.org/10.31392/npu-nc.series12.2021.13(58).04,2021-03-31,Науковий часопис НПУ імені М. П. Драгоманова. Серія 12. Психологічні науки,Zinoviia_Karpenko_2
Zinoviia Karpenko,https://orcid.org/0000-0002-0747-2591,https://doi.org/10.15330/ps.10.1.203-209,2020-02-20,Psychology of Personality,Zinoviia_Karpenko_3
Zinoviia Karpenko,https://orcid.org/0000-0002-0747-2591,https://doi.org/10.15330/ps.9.1.96-104,2019-02-20,Psychology of Personality,Zinoviia_Karpenko_4
Zinoviia Karpenko,https://orcid.org/0000-0002-0747-2591,https://doi.org/10.31108/1.2018.6.16.6,2018-07-02,PSYCHOLOGICAL JOURNAL,Zinoviia_Karpenko_5
Zinoviia Karpenko,https://orcid.org/0000-0002-0747-2591,https://doi.org/10.15330/ps.8.1.7-13,2018-02-20,Psychology of Personality,Zinoviia_Karpenko_6
Joanna Kossewska,https://orcid.org/0000-0002-8156-6764,Acceptance of robot-mediated teaching and therapy for children with atypical development by Polish professionals,2020,Journal of Policy and Practice in Intellectual Disabilities,Joanna_Kossewska_1
Joanna Kossewska,https://orcid.org/0000-0002-8156-6764,Teacher education and confidence regarding autism of specialist primary school teachers,2020,European Journal of Special Needs Education,Joanna_Kossewska_2
Joanna Kossewska,https://orcid.org/0000-0002-8156-6764,https://doi.org/10.1111/jppi.12296,2020-03,Journal of Policy and Practice in Intellectual Disabilities,Joanna_Kossewska_3
Joanna Kossewska,https://orcid.org/0000-0002-8156-6764,https://doi.org/10.21277/sw.v1i9.441,2019,Social Welfare Interdisciplinary Approach,Joanna_Kossewska_4
Joanna Kossewska,https://orcid.org/0000-0002-8156-6764,https://doi.org/10.24917/20845596.11.13,2018,Annales Universitatis Paedagogicae Cracoviensis. Studia Psychologica,Joanna_Kossewska_5
Joanna Kossewska,https://orcid.org/0000-0002-8156-6764,https://doi.org/10.5875/ausmt.v8i1.1582,2018,International Journal of Automation and Smart TechnologyOpen Access,Joanna_Kossewska_6
Joanna Kossewska,https://orcid.org/0000-0002-8156-6764,https://doi.org/10.24917/20845596.10.5,2017,Annales Universitatis Paedagogicae Cracoviensis. Studia Psychologica,Joanna_Kossewska_7
Joanna Kossewska,https://orcid.org/0000-0002-8156-6764,https://doi.org/10.5604/01.3001.0011.7871,2017,PSYCHOLOGIA WYCHOWAWCZA,Joanna_Kossewska_8
Katarzyna Anna Kotlarska,https://orcid.org/0000-0002-8243-3381,https://doi.org/10.3390/ijerph19010056,2021-12-22,International Journal of Environmental Research and Public Health,Katarzyna_Anna_Kotlarska_1
Katarzyna Anna Kotlarska,https://orcid.org/0000-0002-8243-3381,https://doi.org/10.12740/pt/123003,2020,Psychoterapia,Katarzyna_Anna_Kotlarska_2
Łukasz Radosław Krzywoszański,https://orcid.org/0000-0001-9222-2150,https://doi.org/10.3389/fpsyt.2021.576867,2021-03-18,Frontiers in psychiatry,Łukasz_Radosław_Krzywoszański_1
Łukasz Radosław Krzywoszański,https://orcid.org/0000-0001-9222-2150,https://doi.org/10.1007/s12144-020-00797-y,2020-05-22,Current Psychology,Łukasz_Radosław_Krzywoszański_2
Łukasz Radosław Krzywoszański,https://orcid.org/0000-0001-9222-2150,https://doi.org/10.24917/20845596.12.6,2019-12-01,Annales Universitatis Paedagogicae Cracoviensis Studia Psychologica,Łukasz_Radosław_Krzywoszański_3
Łukasz Radosław Krzywoszański,https://orcid.org/0000-0001-9222-2150,https://doi.org/10.3389/fnins.2019.00963,2019-09-18,Frontiers in Neuroscience,Łukasz_Radosław_Krzywoszański_4
Łukasz Radosław Krzywoszański,https://orcid.org/0000-0001-9222-2150,https://doi.org/10.3389/fpsyt.2019.00221,2019-04-12,,Łukasz_Radosław_Krzywoszański_5
Łukasz Radosław Krzywoszański,https://orcid.org/0000-0001-9222-2150,https://doi.org/10.4172/neuropsychiatry.1000193,2017,,Łukasz_Radosław_Krzywoszański_6
Łukasz Radosław Krzywoszański,https://orcid.org/0000-0001-9222-2150,https://doi.org/10.15219/em72.1323,2017-12-31,e-mentor,Łukasz_Radosław_Krzywoszański_7
Marzena Agnieszka Kutt,https://orcid.org/0000-0001-9222-2150,https://doi.org/10.3389/fpsyt.2021.576867,2021-03-18,Frontiers in psychiatry,Marzena_Agnieszka_Kutt_1
Marzena Agnieszka Kutt,https://orcid.org/0000-0001-9222-2150,https://doi.org/10.1007/s12144-020-00797-y,2020-05-22,Current Psychology,Marzena_Agnieszka_Kutt_2
Marzena Agnieszka Kutt,https://orcid.org/0000-0001-9222-2150,https://doi.org/10.24917/20845596.12.6,2019-12-01,Annales Universitatis Paedagogicae Cracoviensis Studia Psychologica,Marzena_Agnieszka_Kutt_3
Marzena Agnieszka Kutt,https://orcid.org/0000-0001-9222-2150,https://doi.org/10.3389/fnins.2019.00963,2019-09-18,Frontiers in Neuroscience,Marzena_Agnieszka_Kutt_4
Marzena Agnieszka Kutt,https://orcid.org/0000-0001-9222-2150,https://doi.org/10.3389/fpsyt.2019.00221,2019-04-12,,Marzena_Agnieszka_Kutt_5
Marzena Agnieszka Kutt,https://orcid.org/0000-0001-9222-2150,https://doi.org/10.4172/neuropsychiatry.1000193,2017,,Marzena_Agnieszka_Kutt_6
Marzena Agnieszka Kutt,https://orcid.org/0000-0001-9222-2150,https://doi.org/10.15219/em72.1323,2017-12-31,e-mentor,Marzena_Agnieszka_Kutt_7
Agnieszka Lasota,https://orcid.org/0000-0001-9222-2150,https://doi.org/10.3389/fpsyt.2021.576867,2021-03-18,Frontiers in psychiatry,Agnieszka_Lasota_1
Agnieszka Lasota,https://orcid.org/0000-0001-9222-2150,https://doi.org/10.1007/s12144-020-00797-y,2020-05-22,Current Psychology,Agnieszka_Lasota_2
Agnieszka Lasota,https://orcid.org/0000-0001-9222-2150,https://doi.org/10.24917/20845596.12.6,2019-12-01,Annales Universitatis Paedagogicae Cracoviensis Studia Psychologica,Agnieszka_Lasota_3
Agnieszka Lasota,https://orcid.org/0000-0001-9222-2150,https://doi.org/10.3389/fnins.2019.00963,2019-09-18,Frontiers in Neuroscience,Agnieszka_Lasota_4
Agnieszka Lasota,https://orcid.org/0000-0001-9222-2150,https://doi.org/10.3389/fpsyt.2019.00221,2019-04-12,,Agnieszka_Lasota_5
Agnieszka Lasota,https://orcid.org/0000-0001-9222-2150,https://doi.org/10.4172/neuropsychiatry.1000193,2017,,Agnieszka_Lasota_6
Agnieszka Lasota,https://orcid.org/0000-0001-9222-2150,https://doi.org/10.15219/em72.1323,2017-12-31,e-mentor,Agnieszka_Lasota_7
Marzena Monika Lelek-Kratiuk,https://orcid.org/0000-0001-9222-2150,https://doi.org/10.3389/fpsyt.2021.576867,2021-03-18,Frontiers in psychiatry,Marzena_Monika_Lelek-Kratiuk_1
Marzena Monika Lelek-Kratiuk,https://orcid.org/0000-0001-9222-2150,https://doi.org/10.1007/s12144-020-00797-y,2020-05-22,Current Psychology,Marzena_Monika_Lelek-Kratiuk_2
Marzena Monika Lelek-Kratiuk,https://orcid.org/0000-0001-9222-2150,https://doi.org/10.24917/20845596.12.6,2019-12-01,Annales Universitatis Paedagogicae Cracoviensis Studia Psychologica,Marzena_Monika_Lelek-Kratiuk_3
Marzena Monika Lelek-Kratiuk,https://orcid.org/0000-0001-9222-2150,https://doi.org/10.3389/fnins.2019.00963,2019-09-18,Frontiers in Neuroscience,Marzena_Monika_Lelek-Kratiuk_4
Marzena Monika Lelek-Kratiuk,https://orcid.org/0000-0001-9222-2150,https://doi.org/10.3389/fpsyt.2019.00221,2019-04-12,,Marzena_Monika_Lelek-Kratiuk_5
Marzena Monika Lelek-Kratiuk,https://orcid.org/0000-0001-9222-2150,https://doi.org/10.4172/neuropsychiatry.1000193,2017,,Marzena_Monika_Lelek-Kratiuk_6
Marzena Monika Lelek-Kratiuk,https://orcid.org/0000-0001-9222-2150,https://doi.org/10.15219/em72.1323,2017-12-31,e-mentor,Marzena_Monika_Lelek-Kratiuk_7
Krystian Dariusz Macheta,https://orcid.org/0000-0002-9130-2287,https://doi.org/10.17951/j.2020.33.3.21-32,2020-10-31,"Annales Universitatis Mariae Curie-Skłodowska, sectio J – Paedagogia-Psychologia",Krystian_Dariusz_Macheta_1
Agnieszka Maria Muchacka-Cymerman,https://orcid.org/0000-0002-1627-4036,https://doi.org/10.1504/ijwoe.2021.120717,2021,International Journal of Work Organisation and Emotion,Agnieszka_Maria_Muchacka-Cymerman_1
Agnieszka Maria Muchacka-Cymerman,https://orcid.org/0000-0002-1627-4036,https://doi.org/10.5114/cipp.2021.110085,2021-11-07,Current Issues in Personality Psychology,Agnieszka_Maria_Muchacka-Cymerman_2
Agnieszka Maria Muchacka-Cymerman,https://orcid.org/0000-0002-1627-4036,https://doi.org/10.3390/ijerph18158055,2021-07-29,International Journal of Environmental Research and Public Health,Agnieszka_Maria_Muchacka-Cymerman_3
Agnieszka Maria Muchacka-Cymerman,https://orcid.org/0000-0002-1627-4036,https://doi.org/10.3390/ijerph17197062,2020-09,International Journal of Environmental Research and Public Health,Agnieszka_Maria_Muchacka-Cymerman_4
Agnieszka Maria Muchacka-Cymerman,https://orcid.org/0000-0002-1627-4036,https://doi.org/10.12738/jestp.2020.2.002,2020-04,EDUCATIONAL SCIENCES: THEORY & PRACTICE,Agnieszka_Maria_Muchacka-Cymerman_5
Agnieszka Maria Muchacka-Cymerman,https://orcid.org/0000-0002-1627-4036,https://doi.org/10.3390/ijerph16214107,2019-10,International Journal of Environmental Research and Public Health,Agnieszka_Maria_Muchacka-Cymerman_6
Karolina Anna Pietras,https://orcid.org/0000-0001-7968-4684,https://doi.org/10.1002/pchj.365,2020,PsyCh Journal,Karolina_Anna_Pietras_1
Karolina Anna Pietras,https://orcid.org/0000-0001-7968-4684,https://doi.org/10.24425/124344,2018,Polish Psychological Bulletin,Karolina_Anna_Pietras_2
Karolina Anna Pietras,https://orcid.org/0000-0001-7968-4684,Who is the contemporary artist? Social representation of the artist among visual art students,2017,Polish Journal of Applied Psychology,Karolina_Anna_Pietras_3
Małgorzata Barbara Płoszaj,https://orcid.org/0000-0003-1277-8138,https://doi.org/10.4467/20843879pr.21.008.14122,2021,Psychologia Rozwojowa,Małgorzata_Barbara_Płoszaj_1
Małgorzata Barbara Płoszaj,https://orcid.org/0000-0003-1277-8138,The importance of acute-phase proteins as markers in cancers,2021-12-31,Medical Studies/Studia Medyczne,Małgorzata_Barbara_Płoszaj_2
Małgorzata Barbara Płoszaj,https://orcid.org/0000-0003-1277-8138,Effectiveness of cognitive-behavioral therapy - modification of the level of anxiety and self-esteem in parents of children with ASD,2021-12-01,Wychowanie w Rodzinie,Małgorzata_Barbara_Płoszaj_3
Małgorzata Barbara Płoszaj,https://orcid.org/0000-0003-1277-8138,Towards inclusive education of children with Autism Spectrum Disorder. The impact of teachers’ autism-specific professional development on their confidence in their professional competences,2021-12-01,International Journal of Special Education (IJSE),Małgorzata_Barbara_Płoszaj_4
Małgorzata Barbara Płoszaj,https://orcid.org/0000-0003-1277-8138,https://doi.org/10.21277/sw.v1i9.441,2019,Social Welfare Interdisciplinary Approach,Małgorzata_Barbara_Płoszaj_5
Małgorzata Barbara Płoszaj,https://orcid.org/0000-0003-1277-8138,https://doi.org/10.24917/20845596.11.12,2018,Annales Universitatis Paedagogicae Cracoviensis. Studia Psychologica,Małgorzata_Barbara_Płoszaj_6
Wiktor Franciszek Potoczny,https://orcid.org/0000-0003-4151-9426,https://doi.org/10.24917/20845596.13.9,2020-12-30,Annales Universitatis Paedagogicae Cracoviensis Studia Psychologica,Wiktor_Franciszek_Potoczny_1
Radosław Stupak,https://orcid.org/0000-0002-7318-546X,https://doi.org/10.26913/avant.2021.02.02,2021,Avant,Radosław_Stupak_1
Radosław Stupak,https://orcid.org/0000-0002-7318-546X,https://doi.org/10.14746/prt.2021.2.6,2021,Praktyka Teoretyczna,Radosław_Stupak_2
Radosław Stupak,https://orcid.org/0000-0002-7318-546X,https://doi.org/10.3390/ijerph18126625,2021-06,International Journal of Environmental Research and Public Health,Radosław_Stupak_3
Radosław Stupak,https://orcid.org/0000-0002-7318-546X,https://doi.org/10.33392/diam.1260,2020,Diametros,Radosław_Stupak_4
Radosław Stupak,https://orcid.org/0000-0002-7318-546X,https://doi.org/10.12740/pp/onlinefirst/91731,2019,Psychiatria Polska,Radosław_Stupak_5
Radosław Stupak,https://orcid.org/0000-0002-7318-546X,https://doi.org/10.1177/0959354318802973,2018,Theory and Psychology,Radosław_Stupak_6
Radosław Stupak,https://orcid.org/0000-0002-7318-546X,https://doi.org/10.12740/pp/64378,2018-02,Psychiatria Polska,Radosław_Stupak_7
Svitlana Symonenko,https://orcid.org/0000-0001-5491-6637,https://doi.org/10.26565/2225-7756-2021-71-09,2021-12-27,Visnyk of V. N. Karazin Kharkiv National University. A Series of Psychology,Svitlana_Symonenko_1
Svitlana Symonenko,https://orcid.org/0000-0001-5491-6637,https://doi.org/10.26697/ijes.2019.4.29,2019,International Journal of Education and Science,Svitlana_Symonenko_2
Monika Klaudia Szczygieł,https://orcid.org/0000-0001-6544-0734,https://doi.org/10.1007/s12144-021-01769-6,2021,Current Psychology,Monika_Klaudia_Szczygieł_1
Monika Klaudia Szczygieł,https://orcid.org/0000-0001-6544-0734,https://doi.org/10.5964/ejop.2169,2021,Europe's Journal of Psychology,Monika_Klaudia_Szczygieł_2
Monika Klaudia Szczygieł,https://orcid.org/0000-0001-6544-0734,https://doi.org/10.1016/j.cedpsych.2021.101949,2021,Contemporary Educational Psychology,Monika_Klaudia_Szczygieł_3
Monika Klaudia Szczygieł,https://orcid.org/0000-0001-6544-0734,"Gender, general anxiety, math anxiety and math achievement in early school-age children",2020,Issues in Educational Research,Monika_Klaudia_Szczygieł_4
Monika Klaudia Szczygieł,https://orcid.org/0000-0001-6544-0734,"Gender, general anxiety, math anxiety and math achievement in early school-age children. ",2020-09-22,Issues in Educational Research,Monika_Klaudia_Szczygieł_5
Monika Klaudia Szczygieł,https://orcid.org/0000-0001-6544-0734,https://doi.org/10.1007/s11218-020-09570-2,2020-09-12,Social Psychology of Education,Monika_Klaudia_Szczygieł_6
Monika Klaudia Szczygieł,https://orcid.org/0000-0001-6544-0734,https://doi.org/10.1080/03004430.2019.1647189,2020-07-26,Early Child Development and Care,Monika_Klaudia_Szczygieł_7
Monika Klaudia Szczygieł,https://orcid.org/0000-0001-6544-0734,https://doi.org/10.26822/iejee.2020562133,2020-07-08,lnternational Electronic Journal of Elementary Education,Monika_Klaudia_Szczygieł_8
Monika Klaudia Szczygieł,https://orcid.org/0000-0001-6544-0734,https://doi.org/10.24425/ppb.2019.131003,2019,Committee for Psychological Science PAS,Monika_Klaudia_Szczygieł_9
Monika Klaudia Szczygieł,https://orcid.org/0000-0001-6544-0734,https://doi.org/10.5114/cipp.2018.72268,2018,Current Issues in Personality Psychology,Monika_Klaudia_Szczygieł_10
Monika Klaudia Szczygieł,https://orcid.org/0000-0001-6544-0734,https://doi.org/10.1080/03004430.2017.1415894,2018-04-03,Early Child Development and Care,Monika_Klaudia_Szczygieł_11
Elżbieta Szpakiewicz,https://orcid.org/0000-0002-9265-3070,https://doi.org/10.1080/09658211.2018.1483516,2018-11-26,Memory,Elżbieta_Szpakiewicz_1
Urszula Lilianna Tokarska,https://orcid.org/0000-0001-5510-3689,https://doi.org/10.1075/ni.18049.tok,2019,NARRATIVE INQUIRY,Urszula_Lilianna_Tokarska_1
Urszula Lilianna Tokarska,https://orcid.org/0000-0001-5510-3689,https://doi.org/10.17399/hw.2018.174207,2018,HORYZONTY WYCHOWANIA,Urszula_Lilianna_Tokarska_2
Urszula Lilianna Tokarska,https://orcid.org/0000-0001-5510-3689,https://doi.org/10.12740/pp/onlinefirst/69394,2018,Psychiatria Polska,Urszula_Lilianna_Tokarska_3
Urszula Lilianna Tokarska,https://orcid.org/0000-0001-5510-3689,https://doi.org/10.5604/01.3001.0011.7853,2017,PSYCHOLOGIA WYCHOWAWCZA,Urszula_Lilianna_Tokarska_4
Urszula Lilianna Tokarska,https://orcid.org/0000-0001-5510-3689,Perspektywa czasowa a przekaz doświadczenia życiowego w okresie starości,2017,PSYCHOLOGIA WYCHOWAWCZA,Urszula_Lilianna_Tokarska_5
Katarzyna Tomaszek,https://orcid.org/0000-0001-7019-5403,https://doi.org/10.3390/ijerph18158055,2021-07-29,International Journal of Environmental Research and Public Health,Katarzyna_Tomaszek_1
Katarzyna Tomaszek,https://orcid.org/0000-0001-7019-5403,"Empathy, Gratitude, and Resilience – Does Gender Make a Difference?",2020,Annals of Psychology,Katarzyna_Tomaszek_2
Katarzyna Tomaszek,https://orcid.org/0000-0001-7019-5403,How to Become More Grateful? The Mediating Role of Resilience in the Relationship between Empathy and Gratitude,2020,Current Psychology,Katarzyna_Tomaszek_3
Katarzyna Tomaszek,https://orcid.org/0000-0001-7019-5403,Why is it important to engage students in school activities? Examining the mediation effect of student school engagement on the relationships between student alienation and school burnout,2020,Polish Psychological Bulletin,Katarzyna_Tomaszek_4
Katarzyna Tomaszek,https://orcid.org/0000-0001-7019-5403,"Thinking about My Existence during COVID-19, I Feel Anxiety and Awe—The Mediating Role of Existential Anxiety and Life Satisfaction on the Relationship between PTSD Symptoms and Post-Traumatic Growth",2020-09-27,International Journal of Environmental Research and Public Health,Katarzyna_Tomaszek_5
Katarzyna Tomaszek,https://orcid.org/0000-0001-7019-5403,Examining the Relationship between Student School Burnout and Problematic Internet Use,2020-04,Educational Sciences-Theory & Practice,Katarzyna_Tomaszek_6
Katarzyna Tomaszek,https://orcid.org/0000-0001-7019-5403,Polish adaptation of the ESSBS school-burnout scale: pilot study results,2019,Hacettepe University Journal of Education,Katarzyna_Tomaszek_7
Katarzyna Tomaszek,https://orcid.org/0000-0001-7019-5403,https://doi.org/10.3390/ijerph16214107,2019-10,International Journal of Environmental Research and Public Health,Katarzyna_Tomaszek_8
Jakub Wasiewicz,https://orcid.org/0000-0002-7744-0499,https://doi.org/10.3390/rel12070532,2021-07,Religions,Jakub_Wasiewicz_1
